make_group,make,model,year_start,year_end
ac,AC,Ace,1993,1996
ac,AC,Aceca,1998,2000
ac,AC,Frua,1966,1973
acura,Acura,ADX,2024,
acura,Acura,CL,1997,2004
acura,Acura,CSX,2005,2011
acura,Acura,EL,1997,2000
acura,Acura,ILX,2012,2022
acura,Acura,Integra,1986,
acura,Acura,Legend,1986,1996
acura,Acura,MDX,2001,
acura,Acura,NSX,1991,2022
acura,Acura,RDX,2006,
acura,Acura,RL,2004,2012
acura,Acura,RLX,2013,2020
acura,Acura,RSX,2002,2006
acura,Acura,RSX TYPE-S,2005,2006
acura,Acura,SLX,1996,1999
acura,Acura,TL,1995,2014
acura,Acura,TLX,2015,2024
acura,Acura,TSX,2003,2014
acura,Acura,ZDX,2009,
alfa-romeo,Alfa Romeo,145,1994,2000
alfa-romeo,Alfa Romeo,146,1995,2000
alfa-romeo,Alfa Romeo,147,2000,2009
alfa-romeo,Alfa Romeo,155,1992,1998
alfa-romeo,Alfa Romeo,156,1997,2005
alfa-romeo,Alfa Romeo,156 Sportwagon,2000,2005
alfa-romeo,Alfa Romeo,159,2005,2011
alfa-romeo,Alfa Romeo,159 Sportwagon,2006,2011
alfa-romeo,Alfa Romeo,164,1988,1998
alfa-romeo,Alfa Romeo,166,1996,2007
alfa-romeo,Alfa Romeo,2000,1971,1977
alfa-romeo,Alfa Romeo,33,1983,1994
alfa-romeo,Alfa Romeo,33 Sport,1988,1994
alfa-romeo,Alfa Romeo,4C,2013,2020
alfa-romeo,Alfa Romeo,6,1979,1986
alfa-romeo,Alfa Romeo,75,1985,1992
alfa-romeo,Alfa Romeo,8C,1931,2010
alfa-romeo,Alfa Romeo,Alfasud,1972,1983
alfa-romeo,Alfa Romeo,Alfasud Giardinetta,1975,1981
alfa-romeo,Alfa Romeo,Alfasud Sprint,1976,1983
alfa-romeo,Alfa Romeo,Alfasud Ti,1973,1983
alfa-romeo,Alfa Romeo,Alfetta,1972,1984
alfa-romeo,Alfa Romeo,Arna,1983,1987
alfa-romeo,Alfa Romeo,Brera,2005,2010
alfa-romeo,Alfa Romeo,Crosswagon Q4,2004,2007
alfa-romeo,Alfa Romeo,Giulia,1962,
alfa-romeo,Alfa Romeo,Giulia GTA,2020,
alfa-romeo,Alfa Romeo,Giulia Quadrifoglio,2016,2022
alfa-romeo,Alfa Romeo,Giulia Veloce,2016,2022
alfa-romeo,Alfa Romeo,Giulietta,1954,2020
alfa-romeo,Alfa Romeo,Giulietta Quadrifoglio Verde,2011,2016
alfa-romeo,Alfa Romeo,GT,2003,2010
alfa-romeo,Alfa Romeo,GTV,1995,2005
alfa-romeo,Alfa Romeo,Junior,2024,
alfa-romeo,Alfa Romeo,MiTo,2008,2018
alfa-romeo,Alfa Romeo,MiTo Quadrifoglio Verde,2009,2016
alfa-romeo,Alfa Romeo,MiTo Veloce,2016,2018
alfa-romeo,Alfa Romeo,Montreal,1970,1977
alfa-romeo,Alfa Romeo,Spider,1970,2010
alfa-romeo,Alfa Romeo,Sprint,1976,1989
alfa-romeo,Alfa Romeo,Stelvio,2017,
alfa-romeo,Alfa Romeo,Stelvio Quadrifoglio,2017,2023
alfa-romeo,Alfa Romeo,Tonale,2022,
alpine,Alpine,A110,1962,
alpine,Alpine,A110S,2019,
alpine,Alpine,A290,2024,
alpine,Alpine,A390,2025,
arcfox,Arcfox,Alpha S,2024,
arcfox,Arcfox,Alpha T,2024,
ariel,Ariel,Atom,1999,2013
ariel,Ariel,Nomad,2015,2024
aro,Aro,10 Series,1980,2004
aro,Aro,24 Series,1972,2006
aro,Aro,M Series,1959,1975
artega,Artega,GT,2010,2012
artega,Artega,Scalo,2015,2017
aston-martin,Aston Martin,Cygnet,2011,2013
aston-martin,Aston Martin,DB AR1,2003,2004
aston-martin,Aston Martin,DB11,2016,2023
aston-martin,Aston Martin,DB11 Volante,2018,2023
aston-martin,Aston Martin,DB12,2023,
aston-martin,Aston Martin,DB12 Volante,2023,
aston-martin,Aston Martin,DB6,1965,1970
aston-martin,Aston Martin,DB6 Volante,1965,1970
aston-martin,Aston Martin,DB7,1993,2004
aston-martin,Aston Martin,DB7 Volante,1996,2003
aston-martin,Aston Martin,DB9,2004,2016
aston-martin,Aston Martin,DB9 Volante,2004,2015
aston-martin,Aston Martin,DBS,1967,
aston-martin,Aston Martin,DBS Volante,2009,2012
aston-martin,Aston Martin,DBX,2020,
aston-martin,Aston Martin,Lagonda,1976,1989
aston-martin,Aston Martin,One-77,2009,2012
aston-martin,Aston Martin,Rapide,2010,2013
aston-martin,Aston Martin,Rapide AMR,2017,2020
aston-martin,Aston Martin,Rapide E,2019,2019
aston-martin,Aston Martin,Rapide S,2013,2018
aston-martin,Aston Martin,V12 Speedster,2020,2022
aston-martin,Aston Martin,V12 Vantage,2009,
aston-martin,Aston Martin,V12 Vantage AMR,2017,2019
aston-martin,Aston Martin,V12 Vantage S,2014,2018
aston-martin,Aston Martin,V12 Zagato,2012,2013
aston-martin,Aston Martin,V8 Vantage,1973,
aston-martin,Aston Martin,V8 Vantage S,2011,2017
aston-martin,Aston Martin,V8 Volante,1978,2014
aston-martin,Aston Martin,Valhalla,2022,
aston-martin,Aston Martin,Vanquish,2001,
aston-martin,Aston Martin,Vanquish S,2004,2018
aston-martin,Aston Martin,Vanquish Volante,2013,
aston-martin,Aston Martin,Vantage,2020,
aston-martin,Aston Martin,Vantage GT12,2015,2016
aston-martin,Aston Martin,Vantage GT8,2016,2017
aston-martin,Aston Martin,Virage,1988,2012
aston-martin,Aston Martin,Virage Volante,1992,2012
aston-martin,Aston Martin,Vulcan,2015,2016
audi,Audi,100,1969,1976
audi,Audi,100/ 200,1968,1994
audi,Audi,100/ 200 Avant,1983,1994
audi,Audi,80 Avant RS2,1994,1996
audi,Audi,80 Avant S2,1993,1995
audi,Audi,80 S2,1993,1995
audi,Audi,80/ 90,1984,1995
audi,Audi,80/ 90 Avant,1991,1995
audi,Audi,90,1987,1991
audi,Audi,A1,2010,2026
audi,Audi,A1 Quattro,2012,2013
audi,Audi,A2,1999,2005
audi,Audi,A2 e-tron,2026,
audi,Audi,A3,1996,
audi,Audi,A3 allstreet,2024,
audi,Audi,A4,1994,2025
audi,Audi,A4 Allroad,2009,2025
audi,Audi,A4 Avant,1996,2025
audi,Audi,A4 DTM Edition,2005,2007
audi,Audi,A5,2007,
audi,Audi,A5 Avant,2024,
audi,Audi,A6,1994,
audi,Audi,A6 allroad,2012,
audi,Audi,A6 Allroad SUV,2000,2011
audi,Audi,A6 Avant,1994,
audi,Audi,A7,2010,2025
audi,Audi,A8,1994,
audi,Audi,Cabriolet,1991,2000
audi,Audi,Coupe,1981,1996
audi,Audi,Coupe S2,1990,1996
audi,Audi,e-tron,2019,
audi,Audi,e-tron GT,2021,
audi,Audi,E5,2025,
audi,Audi,Nuvolari,2026,
audi,Audi,Q2,2016,
audi,Audi,Q3,2011,
audi,Audi,Q4,2021,
audi,Audi,Q4 e-tron,2021,
audi,Audi,Q5,2008,
audi,Audi,Q6,2024,
audi,Audi,Q7,2006,
audi,Audi,Q8,2018,
audi,Audi,Q8 e-tron,2022,
audi,Audi,Q9,2026,
audi,Audi,Quattro,1980,1991
audi,Audi,R8,2007,
audi,Audi,R8 GT,2010,2024
audi,Audi,RS 3,2010,
audi,Audi,RS 4,2005,2009
audi,Audi,RS 4 Avant,2000,2025
audi,Audi,RS 5,2010,
audi,Audi,RS Q3,2013,2015
audi,Audi,RS Q8,2019,
audi,Audi,RS5 Avant,2026,
audi,Audi,RS6,2002,2010
audi,Audi,RS6 Avant,2002,
audi,Audi,RS7,2013,
audi,Audi,S1,2014,2018
audi,Audi,S3,1999,
audi,Audi,S4,1997,2023
audi,Audi,S4 Avant,1997,2023
audi,Audi,S5,2007,
audi,Audi,S5 Avant,2024,
audi,Audi,S6,1994,2025
audi,Audi,S6 Avant,1994,
audi,Audi,S7,2011,2025
audi,Audi,S8,1996,
audi,Audi,S8 Plus,2015,2019
audi,Audi,SQ2,2018,
audi,Audi,SQ5,2013,
audi,Audi,SQ6,2024,
audi,Audi,SQ7,2016,
audi,Audi,SQ8,2019,
audi,Audi,SQ8 e-tron,2023,
audi,Audi,SQ9,2026,
audi,Audi,TT,1998,2023
audi,Audi,TT RS,2009,2023
audi,Audi,V8,1988,1994
aurus,Aurus,Senat,2018,
baic,BAIC,MOTOR BJ60,2023,
bentley,Bentley,Arnage,1999,2009
bentley,Bentley,Azure,1995,2011
bentley,Bentley,Batur,2024,
bentley,Bentley,Bentayga,2015,
bentley,Bentley,Bentayga Speed,2019,
bentley,Bentley,Brooklands,2007,2011
bentley,Bentley,Continental,1952,2013
bentley,Bentley,Continental Flying Spur,2005,2013
bentley,Bentley,Continental GT,2011,
bentley,Bentley,Continental GTC,2006,
bentley,Bentley,Flying Spur,2014,
bentley,Bentley,Mulliner,2020,2023
bentley,Bentley,Mulsanne,2009,2020
bentley,Bentley,State Limousine,,
bentley,Bentley,T1,1965,1976
bentley,Bentley,T2,1977,1980
bestune,Bestune,B70,2006,
bestune,Bestune,T55,2021,
bestune,Bestune,T77,2018,
bestune,Bestune,T99,2019,
bmw,BMW,1 Series,2004,
bmw,BMW,1 Series M,2010,2012
bmw,BMW,1500/1600,1962,1975
bmw,BMW,2 Series,2013,
bmw,BMW,2 Series Active Tourer,2014,
bmw,BMW,2 Series Gran,2019,
bmw,BMW,2 Series Gran Tourer,2015,2021
bmw,BMW,2002,1968,1975
bmw,BMW,2800 CS,1968,1971
bmw,BMW,3 Series,1975,
bmw,BMW,3 Series Compact,1994,2005
bmw,BMW,3 Series Gran Turismo,2013,2020
bmw,BMW,3.0 CSi,1971,1975
bmw,BMW,3.0 CSL,1971,1975
bmw,BMW,4 Series,2013,
bmw,BMW,4 Series Gran,2014,
bmw,BMW,5 Series,1972,
bmw,BMW,5 Series Gran Turismo,2009,2017
bmw,BMW,6 Series,1976,2018
bmw,BMW,6 Series Gran,2012,2018
bmw,BMW,6 Series Gran Turismo,2017,
bmw,BMW,7 Series,1977,
bmw,BMW,8 Series,1989,
bmw,BMW,8 Series Gran,2019,2022
bmw,BMW,i3,2013,
bmw,BMW,i4,2021,
bmw,BMW,i5,2023,
bmw,BMW,i7,2022,
bmw,BMW,i8,2014,2020
bmw,BMW,iX,2021,
bmw,BMW,iX M,2022,2025
bmw,BMW,iX1,2022,
bmw,BMW,iX2,2023,
bmw,BMW,iX3,2020,
bmw,BMW,iX5,2026,
bmw,BMW,M1,1978,1981
bmw,BMW,M2,2015,
bmw,BMW,M2 CS,2019,
bmw,BMW,M3,1986,
bmw,BMW,M3 CS,2025,
bmw,BMW,M4,2014,
bmw,BMW,M4 CS,2017,
bmw,BMW,M4 GTS,2015,2016
bmw,BMW,M5,1979,
bmw,BMW,M6,1984,2018
bmw,BMW,M6 Cabrio,2006,2018
bmw,BMW,M6 Gran,2013,2018
bmw,BMW,M8,2019,
bmw,BMW,M8 Gran,2022,
bmw,BMW,X1,2009,
bmw,BMW,X2,2018,
bmw,BMW,X3,2004,
bmw,BMW,X3 M,2019,
bmw,BMW,X4,2014,
bmw,BMW,X4 M,2019,
bmw,BMW,X5,2000,
bmw,BMW,X5 M,2009,
bmw,BMW,X6,2008,
bmw,BMW,X6 M,2009,
bmw,BMW,X7,2018,
bmw,BMW,XM,2022,
bmw,BMW,Z1,1988,1991
bmw,BMW,Z3,1996,2003
bmw,BMW,Z4,2002,
bmw,BMW,Z8,2000,2003
borgward,Borgward,BX7,2016,2021
brilliance,Brilliance,H230,2012,
brilliance,Brilliance,H330,2013,
brilliance,Brilliance,H530,2011,
brilliance,Brilliance,V3,2015,
brilliance,Brilliance,V5,2012,
brilliance,Brilliance,V7,2018,
bristol,Bristol,411,1972,1974
bristol,Bristol,412,1975,1978
bristol,Bristol,603,1976,1994
bristol,Bristol,Blenheim,1994,2011
bristol,Bristol,Bullet,2017,2017
bristol,Bristol,Fighter,2002,2011
bristol,Bristol,Series 6,2010,2011
bufori,Bufori,CS8,2025,
bufori,Bufori,Geneva,2010,
bufori,Bufori,La Joya,2004,
bugatti,Bugatti,Bolide,2022,
bugatti,Bugatti,Brouillard,2025,
bugatti,Bugatti,Centodieci,2019,2022
bugatti,Bugatti,Chiron,2016,
bugatti,Bugatti,Destrier,2026,
bugatti,Bugatti,Divo,2018,2021
bugatti,Bugatti,EB 110,1991,1995
bugatti,Bugatti,La Voiture Noire,2019,2019
bugatti,Bugatti,Mistral,2022,
bugatti,Bugatti,Tourbillon,2024,
bugatti,Bugatti,Type 5,,
bugatti,Bugatti,Type 64,,
bugatti,Bugatti,Veyron,2005,2015
buick,Buick,Cascada,2016,2019
buick,Buick,Century,1939,2005
buick,Buick,Enclave,2007,
buick,Buick,Encore,2013,
buick,Buick,Envision,2014,
buick,Buick,Envista,2023,
buick,Buick,Gran Sport,1970,1971
buick,Buick,LaCrosse,2004,2019
buick,Buick,LeSabre,1991,2005
buick,Buick,Lucerne,2005,2011
buick,Buick,Model 26,,
buick,Buick,Model 27,,
buick,Buick,Model 32,,
buick,Buick,Model 33,,
buick,Buick,Model 38,,
buick,Buick,Model 39,,
buick,Buick,Model 41,,
buick,Buick,Model C,,
buick,Buick,Park Avenue,1991,2005
buick,Buick,Rainier,2003,2007
buick,Buick,Reatta,1988,1991
buick,Buick,Regal,1988,2020
buick,Buick,Rendezvous,2002,2007
buick,Buick,Riviera,1963,1993
buick,Buick,Skylark,1953,1997
buick,Buick,Terraza,2005,2007
buick,Buick,Verano,2012,2017
byd,BYD,ATTO 2,2025,
byd,BYD,ATTO 3,2022,
byd,BYD,DOLPHIN,2025,
byd,BYD,Sealion 7,2024,
byd,BYD,Shark,2026,
cadillac,Cadillac,Allante,1987,1993
cadillac,Cadillac,ATS,2012,2019
cadillac,Cadillac,ATS-V,2015,2019
cadillac,Cadillac,BLS,2006,2010
cadillac,Cadillac,Brougham,1992,1996
cadillac,Cadillac,Catera,1997,2001
cadillac,Cadillac,Celestiq,2023,
cadillac,Cadillac,CT4,2019,
cadillac,Cadillac,CT4-V,2019,
cadillac,Cadillac,CT5,2019,
cadillac,Cadillac,CT5-V,2019,
cadillac,Cadillac,CT6,2016,2023
cadillac,Cadillac,CTS,2002,2019
cadillac,Cadillac,CTS Sport,2009,2014
cadillac,Cadillac,CTS V-Series,2003,2019
cadillac,Cadillac,CTS-V,2012,2015
cadillac,Cadillac,CTS-V Sport,2010,2014
cadillac,Cadillac,DeVille,1994,2005
cadillac,Cadillac,DTS,2005,2011
cadillac,Cadillac,Eldorado,1957,2003
cadillac,Cadillac,ELR,2014,2016
cadillac,Cadillac,Escalade,2000,
cadillac,Cadillac,Escalade ESV,2002,2024
cadillac,Cadillac,Escalade EXT,2001,2013
cadillac,Cadillac,Escalade IQL,2025,
cadillac,Cadillac,Lyriq,2022,
cadillac,Cadillac,Lyriq-V,2025,
cadillac,Cadillac,Optiq,2023,
cadillac,Cadillac,Optiq-V,2025,
cadillac,Cadillac,Seville,1992,2004
cadillac,Cadillac,SRX,2004,2016
cadillac,Cadillac,STS,2004,2010
cadillac,Cadillac,Vistiq,2023,
cadillac,Cadillac,XLR,2003,2009
cadillac,Cadillac,XLR V-Series,2008,2009
cadillac,Cadillac,XT4,2018,2025
cadillac,Cadillac,XT5,2016,2024
cadillac,Cadillac,XT6,2019,2025
cadillac,Cadillac,XTS,2013,2019
caterham,Caterham,Classic,2000,2005
caterham,Caterham,CSR,2005,2024
caterham,Caterham,Roadsport,2007,2009
caterham,Caterham,Seven 160,2013,
caterham,Caterham,Seven 620,2013,
caterham,Caterham,Superlight,2013,
caterham,Caterham,Supersport,2012,
caterham,Caterham,The Super Seven 1600,2020,
changan,Changan,Alsvin,2018,
changan,Changan,CS15,2016,
changan,Changan,CS35,2012,
changan,Changan,CS55,2017,
changan,Changan,CS75,2014,
changan,Changan,CS85,2019,
changan,Changan,CS95,2017,
changan,Changan,Eado,2012,
changan,Changan,Hunter,2019,
changan,Changan,UNI-K,2021,
changan,Changan,UNI-T,2020,
changan,Changan,UNI-V,2022,
chery,Chery,TIGGO 7,2024,
chery,Chery,TIGGO 8,2022,
chery,Chery,TIGGO 9,2025,
chevrolet,Chevrolet,Agile,2009,2016
chevrolet,Chevrolet,Astro,1994,2005
chevrolet,Chevrolet,Avalanche,2001,2013
chevrolet,Chevrolet,Aveo / Kalos,2002,2016
chevrolet,Chevrolet,Blazer,1995,
chevrolet,Chevrolet,Bolt,2016,
chevrolet,Chevrolet,Camaro,1967,2023
chevrolet,Chevrolet,Captiva,2006,2016
chevrolet,Chevrolet,Cavalier,1994,2005
chevrolet,Chevrolet,Celta,2000,2015
chevrolet,Chevrolet,Chevelle,1963,1977
chevrolet,Chevrolet,Classic,2002,2016
chevrolet,Chevrolet,Cobalt,2004,2020
chevrolet,Chevrolet,Colorado,2003,
chevrolet,Chevrolet,Colorado Regular Cab,2003,2012
chevrolet,Chevrolet,Corvette,1953,
chevrolet,Chevrolet,Corvette E-Ray,2023,
chevrolet,Chevrolet,Corvette Grand Sport,2026,
chevrolet,Chevrolet,Corvette Grand Sport X,,
chevrolet,Chevrolet,Corvette Z06,2008,
chevrolet,Chevrolet,Corvette ZR1,2008,
chevrolet,Chevrolet,Cruze,2009,2019
chevrolet,Chevrolet,Epica,2006,2011
chevrolet,Chevrolet,Equinox,2004,
chevrolet,Chevrolet,Evanda,2004,2006
chevrolet,Chevrolet,Express,1995,
chevrolet,Chevrolet,HHR,2005,2011
chevrolet,Chevrolet,Impala,1958,2020
chevrolet,Chevrolet,Malibu,1996,2024
chevrolet,Chevrolet,Malibu Maxx,2003,2008
chevrolet,Chevrolet,Matiz / Spark,2000,2022
chevrolet,Chevrolet,Monte Carlo,2005,2007
chevrolet,Chevrolet,Nubira / Lacetti,2002,2009
chevrolet,Chevrolet,Onix,2012,2019
chevrolet,Chevrolet,Orlando,2010,2018
chevrolet,Chevrolet,Prisma,2013,2016
chevrolet,Chevrolet,S-10,1997,2004
chevrolet,Chevrolet,Silverado,2013,
chevrolet,Chevrolet,Silverado 1500,2008,
chevrolet,Chevrolet,Silverado 2500HD,2007,
chevrolet,Chevrolet,Silverado 3500HD,2008,2013
chevrolet,Chevrolet,Silverado Hybrid,2008,2013
chevrolet,Chevrolet,Sonic,2011,2020
chevrolet,Chevrolet,Sonic RS,2012,2020
chevrolet,Chevrolet,Spark EV,2013,2016
chevrolet,Chevrolet,Spin,2012,2018
chevrolet,Chevrolet,SS,2013,2017
chevrolet,Chevrolet,SSR,2003,2006
chevrolet,Chevrolet,Suburban,1999,
chevrolet,Chevrolet,Tacuma,2004,2008
chevrolet,Chevrolet,Tahoe,1991,
chevrolet,Chevrolet,Tracker,1999,2017
chevrolet,Chevrolet,TrailBlazer,2000,
chevrolet,Chevrolet,Traverse,2008,
chevrolet,Chevrolet,Trax,2013,
chevrolet,Chevrolet,Uplander,2004,2009
chevrolet,Chevrolet,Venture,1996,2005
chevrolet,Chevrolet,Volt,2011,2019
chrysler,Chrysler,200,2011,2016
chrysler,Chrysler,300,2011,2023
chrysler,Chrysler,300C,1957,
chrysler,Chrysler,300M,1998,2004
chrysler,Chrysler,Aspen,2006,2009
chrysler,Chrysler,Concorde,1993,2004
chrysler,Chrysler,Crossfire,2003,2008
chrysler,Chrysler,Daytona,1992,1993
chrysler,Chrysler,Grand Voyager,2008,2015
chrysler,Chrysler,LeBaron,1982,1988
chrysler,Chrysler,New Yorker,1955,1997
chrysler,Chrysler,Pacifica,2003,
chrysler,Chrysler,PT Cruiser,2000,2010
chrysler,Chrysler,Saratoga,1989,1995
chrysler,Chrysler,Sebring,2000,2010
chrysler,Chrysler,Town & Country,2000,2016
chrysler,Chrysler,Voyager,2000,2003
citroen,Citroën,CITROEN 2CV,1949,1990
citroen,Citroën,CITROEN AMI,2020,
citroen,Citroën,CITROEN AX,1986,1998
citroen,Citroën,CITROEN Axel,1985,1989
citroen,Citroën,CITROEN Berlingo,1996,
citroen,Citroën,CITROEN BX,1983,1993
citroen,Citroën,CITROEN BX Break,1985,1994
citroen,Citroën,CITROEN C-Crosser,2007,2012
citroen,Citroën,CITROEN C-Elysee,2013,2016
citroen,Citroën,CITROEN C-Zero,2010,2020
citroen,Citroën,CITROEN C1,2005,2022
citroen,Citroën,CITROEN C2,2003,2010
citroen,Citroën,CITROEN C3,2002,
citroen,Citroën,CITROEN C3 Aircross,2017,
citroen,Citroën,CITROEN C3 Picasso,2008,2017
citroen,Citroën,CITROEN C3 Pluriel,2003,2010
citroen,Citroën,CITROEN C4,2004,
citroen,Citroën,CITROEN C4 Aircross,2012,2017
citroen,Citroën,CITROEN C4 Cactus,2014,2020
citroen,Citroën,CITROEN C4 Picasso,2007,2018
citroen,Citroën,CITROEN C5,2001,2019
citroen,Citroën,CITROEN C5 Aircross,2018,
citroen,Citroën,CITROEN C5 Crosstourer,2014,2019
citroen,Citroën,CITROEN C5 X,2021,
citroen,Citroën,CITROEN C6,2005,2012
citroen,Citroën,CITROEN C8,2002,2014
citroen,Citroën,CITROEN CX,1974,1989
citroen,Citroën,CITROEN CX Break,1976,1991
citroen,Citroën,CITROEN DS,1955,1976
citroen,Citroën,CITROEN DS3,2009,2014
citroen,Citroën,CITROEN DS4,2010,2014
citroen,Citroën,CITROEN DS5,2011,2018
citroen,Citroën,CITROEN Dyane,1969,1983
citroen,Citroën,CITROEN E-Mehari,2016,2019
citroen,Citroën,CITROEN Evasion,1994,2002
citroen,Citroën,CITROEN Grand C4 Picasso,2006,2018
citroen,Citroën,CITROEN GSA,1979,1986
citroen,Citroën,CITROEN LNA,1978,1984
citroen,Citroën,CITROEN Nemo,2008,2015
citroen,Citroën,CITROEN Saxo,1996,2003
citroen,Citroën,CITROEN SM,1970,1975
citroen,Citroën,CITROEN Visa,1978,1988
citroen,Citroën,CITROEN Visa Decouvrable,1984,1985
citroen,Citroën,CITROEN Xantia,1993,2001
citroen,Citroën,CITROEN Xantia Break,1995,2001
citroen,Citroën,CITROEN XM,1989,2000
citroen,Citroën,CITROEN XM Break,1992,2000
citroen,Citroën,CITROEN Xsara,1997,2004
citroen,Citroën,CITROEN Xsara Break,2000,2005
citroen,Citroën,CITROEN Xsara Picasso,1999,2012
citroen,Citroën,CITROEN ZX,1991,1997
citroen,Citroën,CITROEN ZX Break,1994,1998
cupra,Cupra,Ateca,2018,2020
cupra,Cupra,Born,2021,
cupra,Cupra,Formentor,2020,
cupra,Cupra,Leon,2020,
cupra,Cupra,Leon Sportstourer,2020,
cupra,Cupra,Raval,2026,
cupra,Cupra,Tavascan,2023,
cupra,Cupra,Terramar,2024,
dacia,Dacia,1100,1968,1971
dacia,Dacia,1300,1969,1979
dacia,Dacia,1300 Break,1972,1980
dacia,Dacia,1310,1979,2005
dacia,Dacia,1310 Break,1980,2004
dacia,Dacia,1310/1410 Sport,1981,1992
dacia,Dacia,1320,1988,1991
dacia,Dacia,1325,1990,1996
dacia,Dacia,500,1985,1992
dacia,Dacia,Bigster,2024,
dacia,Dacia,Dokker,2012,2021
dacia,Dacia,Dokker Van,2012,2021
dacia,Dacia,Duster,2010,
dacia,Dacia,Duster Pick-Up,2020,
dacia,Dacia,JOGGER,2020,
dacia,Dacia,Lodgy,2012,2022
dacia,Dacia,Logan,2004,
dacia,Dacia,Logan MCV,2006,2020
dacia,Dacia,Logan MCV Stepway,2017,2020
dacia,Dacia,Logan Pick-Up,2007,2012
dacia,Dacia,Logan Van,2007,2012
dacia,Dacia,Nova,1995,1999
dacia,Dacia,Sandero,2008,
dacia,Dacia,Sandero Stepway,2009,
dacia,Dacia,Solenza,2003,2005
dacia,Dacia,Spring,2021,
dacia,Dacia,Striker,2026,
dacia,Dacia,SuperNova,1999,2003
daewoo,Daewoo,Cielo,1994,1997
daewoo,Daewoo,Damas II,2003,2011
daewoo,Daewoo,Espero,1990,1997
daewoo,Daewoo,G2X,2006,2009
daewoo,Daewoo,Gentra,2005,2011
daewoo,Daewoo,Lacetti,2002,2011
daewoo,Daewoo,Lanos,1996,2002
daewoo,Daewoo,Leganza,1997,2002
daewoo,Daewoo,Magnus,2002,2006
daewoo,Daewoo,Matiz,1998,2009
daewoo,Daewoo,Nubira,1997,2004
daewoo,Daewoo,Statesman,2003,2006
daewoo,Daewoo,Tacuma,2000,2008
daewoo,Daewoo,Tico,1991,2001
daewoo,Daewoo,Tosca,2006,2015
daewoo,Daewoo,Winstorm,2006,2011
daihatsu,Daihatsu,Altis,2000,2017
daihatsu,Daihatsu,Applause,1989,2000
daihatsu,Daihatsu,Ayla,2013,2017
daihatsu,Daihatsu,Copen,2004,2012
daihatsu,Daihatsu,Cuore,2007,2009
daihatsu,Daihatsu,Feroza Hardtop,1991,1998
daihatsu,Daihatsu,Feroza Softtop,1995,1998
daihatsu,Daihatsu,Gran Move,1996,2002
daihatsu,Daihatsu,Materia,2007,2010
daihatsu,Daihatsu,Move,1997,2002
daihatsu,Daihatsu,Rocky,1988,1994
daihatsu,Daihatsu,Rocky Hardtop,1988,1994
daihatsu,Daihatsu,Sirion,1998,2018
daihatsu,Daihatsu,Sirion 2,2005,2008
daihatsu,Daihatsu,Terios,1997,2017
daihatsu,Daihatsu,Trevis,2004,2009
daihatsu,Daihatsu,Valera,1996,2001
datsun,Datsun,GO,2013,2022
datsun,Datsun,GO+,2013,2022
datsun,Datsun,Mi-Do,2014,2020
datsun,Datsun,on-Do,2014,2020
dmc,DMC,DeLorean DMC-12,1981,1983
dodge,Dodge,Aries,1981,1989
dodge,Dodge,Avenger,2007,2014
dodge,Dodge,Caliber,2006,2011
dodge,Dodge,Caliber SRT4,2007,2009
dodge,Dodge,Caravan,1983,2014
dodge,Dodge,Challenger,1969,2023
dodge,Dodge,Challenger SRT,2009,
dodge,Dodge,Charger,1966,
dodge,Dodge,Charger SRT,2006,2023
dodge,Dodge,Dakota,1996,2004
dodge,Dodge,Dakota Club Cab,2004,2011
dodge,Dodge,Dakota Quad Cab,2004,2011
dodge,Dodge,Dart,2012,2014
dodge,Dodge,Durango,1997,
dodge,Dodge,Durango SRT,2017,
dodge,Dodge,Hornet,2022,
dodge,Dodge,Journey,2008,2020
dodge,Dodge,Magnum,2004,2008
dodge,Dodge,Magnum SRT8,2005,2008
dodge,Dodge,Neon,1994,2005
dodge,Dodge,Nitro,2006,2012
dodge,Dodge,Ram,1993,2013
dodge,Dodge,Stratus,1994,2005
dodge,Dodge,Viper,1991,2017
dongfeng,Dongfeng,AX7,2014,
dongfeng,Dongfeng,Fengon 500,2018,
dongfeng,Dongfeng,Fengon 580,2016,
dongfeng,Dongfeng,Rich 6,2017,
dongfeng,Dongfeng,T5 Evo,2021,
donkervoort,Donkervoort,D8,1993,2012
donkervoort,Donkervoort,P24,2026,
dr,DR,MOTOR dr cityCROSS,2013,2016
dr,DR,MOTOR dr1,2009,2014
dr,DR,MOTOR dr2,2010,2014
dr,DR,MOTOR dr5,2007,2020
ds,DS,AUTOMOBILES DS 3,2014,
ds,DS,AUTOMOBILES DS 3 Cabrio,2013,2018
ds,DS,AUTOMOBILES DS 3 Crossback,2018,2022
ds,DS,AUTOMOBILES DS 4,2021,
ds,DS,AUTOMOBILES DS 5,2016,2018
ds,DS,AUTOMOBILES DS 5LS,2014,2018
ds,DS,AUTOMOBILES DS 7,2017,
ds,DS,AUTOMOBILES DS 9,2020,
ds,DS,AUTOMOBILES DS N8,2024,
eagle,Eagle,Premier,1987,1993
eagle,Eagle,Summit,1992,1996
eagle,Eagle,Talon,1995,1998
el-nasr,El Nasr,128,1974,2009
el-nasr,El Nasr,1300,1971,1985
el-nasr,El Nasr,133,1977,1990
el-nasr,El Nasr,1500,1971,1985
el-nasr,El Nasr,Dogan,1992,2007
el-nasr,El Nasr,Florida,1990,2009
el-nasr,El Nasr,Nasr Jeep,1980,2010
el-nasr,El Nasr,Polonez,1986,2002
el-nasr,El Nasr,Shahin,1985,2000
ferrari,Ferrari,12Cilindri,2024,
ferrari,Ferrari,288 GTO/F40/F50/Enzo/LaFerrari,1984,2015
ferrari,Ferrari,296 GTB,2022,
ferrari,Ferrari,296 GTS,2022,
ferrari,Ferrari,296 Speciale,2025,
ferrari,Ferrari,308 GTB/GTS,1975,1985
ferrari,Ferrari,328 GTB/GTS,1985,1989
ferrari,Ferrari,348,1989,1995
ferrari,Ferrari,360,2000,2005
ferrari,Ferrari,360 Challenge Stradale,2003,2005
ferrari,Ferrari,360 Modena,1999,2004
ferrari,Ferrari,365,1968,1974
ferrari,Ferrari,365GT4 BB/ 512BB/ 512 BBi,1973,1984
ferrari,Ferrari,400,1976,1989
ferrari,Ferrari,456 GT,1992,2003
ferrari,Ferrari,458,2011,2015
ferrari,Ferrari,458 Italia,2009,2015
ferrari,Ferrari,458 Speciale,2013,2015
ferrari,Ferrari,458 Speciale A,2014,2015
ferrari,Ferrari,488,2016,2019
ferrari,Ferrari,488 GTB,2015,2019
ferrari,Ferrari,488 Pista,2018,2020
ferrari,Ferrari,550 Barchetta/575M Superamerica,2000,2006
ferrari,Ferrari,550/575M Maranello,1996,2006
ferrari,Ferrari,599,2006,2012
ferrari,Ferrari,612 Scaglietti,2004,2011
ferrari,Ferrari,812,2017,2024
ferrari,Ferrari,Amalfi,2025,
ferrari,Ferrari,California T,2014,2017
ferrari,Ferrari,CZ26,2026,
ferrari,Ferrari,Daytona,2021,
ferrari,Ferrari,Dino,1968,1980
ferrari,Ferrari,F12 Berlinetta,2012,2015
ferrari,Ferrari,F12 TRS,2014,2014
ferrari,Ferrari,F12tdf,2015,2017
ferrari,Ferrari,F149 California,2008,2017
ferrari,Ferrari,F355,1994,1999
ferrari,Ferrari,F430,2004,2009
ferrari,Ferrari,F60 America,2014,2016
ferrari,Ferrari,F8,2019,2023
ferrari,Ferrari,F80,2024,
ferrari,Ferrari,FF,2011,2016
ferrari,Ferrari,FXX,2005,2007
ferrari,Ferrari,GTC4Lusso,2016,2020
ferrari,Ferrari,GTC4Lusso T,2016,2020
ferrari,Ferrari,LaFerrari,2016,2018
ferrari,Ferrari,Luce,2026,
ferrari,Ferrari,Mondial,1980,1993
ferrari,Ferrari,Monza,2018,2022
ferrari,Ferrari,Portofino,2017,
ferrari,Ferrari,Purosangue,2022,
ferrari,Ferrari,Roma,2019,
ferrari,Ferrari,Scuderia,2008,2009
ferrari,Ferrari,SF90,2019,
ferrari,Ferrari,Testarossa,2025,
ferrari,Ferrari,Testarossa/512 TR/512M,1984,
fiat,Fiat,124,1966,2021
fiat,Fiat,124 Familiale,1966,1970
fiat,Fiat,124 Saloon,1966,1974
fiat,Fiat,125,1967,1972
fiat,Fiat,126,1972,2000
fiat,Fiat,127,1971,1981
fiat,Fiat,127 Panorama,1980,1983
fiat,Fiat,128,1972,1974
fiat,Fiat,128 Saloon,1969,1976
fiat,Fiat,130,1971,1972
fiat,Fiat,130 Limousine,1969,1976
fiat,Fiat,131,1974,1981
fiat,Fiat,132,1972,1981
fiat,Fiat,3 1/2 HP,,
fiat,Fiat,500,1957,
fiat,Fiat,500 3+1,2020,
fiat,Fiat,500 Abarth,2008,
fiat,Fiat,500 K / Giardiniera,1960,1977
fiat,Fiat,500e,2013,2020
fiat,Fiat,500L,2012,2017
fiat,Fiat,500L Living,2013,2022
fiat,Fiat,500L Trekking,2013,2017
fiat,Fiat,500L Urban,2017,2022
fiat,Fiat,500X,2015,2024
fiat,Fiat,600,1955,
fiat,Fiat,850,1964,1971
fiat,Fiat,Albea / Siena,2002,2012
fiat,Fiat,Argenta,1981,1985
fiat,Fiat,Argo,,
fiat,Fiat,Barchetta,1995,2005
fiat,Fiat,Brava,1995,2001
fiat,Fiat,Bravo,1995,2010
fiat,Fiat,Campagnola,1955,1979
fiat,Fiat,Cinquecento,1991,1998
fiat,Fiat,Coupe,1994,2000
fiat,Fiat,Croma,1986,2011
fiat,Fiat,Dino,1967,1972
fiat,Fiat,Doblo,2001,2022
fiat,Fiat,Freemont,2011,2018
fiat,Fiat,Fullback,2016,2019
fiat,Fiat,Grande Panda,2024,
fiat,Fiat,Grande Punto / Punto Evo,2005,2012
fiat,Fiat,Idea,2003,2016
fiat,Fiat,Linea,2006,2015
fiat,Fiat,Marea,1996,2002
fiat,Fiat,Marea Weekend,1996,2002
fiat,Fiat,Mille,1983,2013
fiat,Fiat,Multipla,1998,2010
fiat,Fiat,Palio,2011,2016
fiat,Fiat,Palio Weekend,2012,2019
fiat,Fiat,Panda,1981,2024
fiat,Fiat,Panda 4X4,1986,2023
fiat,Fiat,Panda City Cross,2017,2020
fiat,Fiat,Panda Cross,2014,2017
fiat,Fiat,Punto,1994,2018
fiat,Fiat,Punto Cabrio,1994,1999
fiat,Fiat,Qubo,2008,2019
fiat,Fiat,Regata,1984,1989
fiat,Fiat,Regata Weekend,1986,1989
fiat,Fiat,Ritmo,1978,1982
fiat,Fiat,Sedici,2006,2014
fiat,Fiat,Seicento,1998,2006
fiat,Fiat,Stilo,2001,2007
fiat,Fiat,Stilo Multi,2003,2010
fiat,Fiat,Tempra,1990,1998
fiat,Fiat,Tempra SW,1990,1998
fiat,Fiat,Tipo,1988,
fiat,Fiat,Tipo Cross,2020,
fiat,Fiat,Tipo Station,2016,2021
fiat,Fiat,Topolino,1936,
fiat,Fiat,Ulysse,1994,2007
fiat,Fiat,Uno,1983,2021
fiat,Fiat,Viaggio,2013,2017
fiat,Fiat,X1/9,1972,1989
fisker,Fisker,Karma,2011,2012
fisker,Fisker,Ocean,2021,
ford,Ford,B-Max,2012,2017
ford,Ford,Bronco,1966,
ford,Ford,C-Max,2003,2019
ford,Ford,Capri,1969,1986
ford,Ford,Capri SUV,2024,
ford,Ford,Contour/Mondeo,1997,2000
ford,Ford,Corsair,1964,1970
ford,Ford,Cortina,1962,1979
ford,Ford,Cougar,1998,2001
ford,Ford,Crown Victoria,1998,2007
ford,Ford,E-Tourneo,2023,
ford,Ford,Econovan,1999,2005
ford,Ford,EcoSport,2004,2022
ford,Ford,Edge,2006,2023
ford,Ford,Edge ST,2018,2024
ford,Ford,Escape,2000,
ford,Ford,Escort,1980,2000
ford,Ford,Escort Cabrio,1993,1998
ford,Ford,Escort Clipper,1991,1992
ford,Ford,Everest,2003,
ford,Ford,Excursion,2000,2005
ford,Ford,Expedition,1996,
ford,Ford,Explorer,2000,
ford,Ford,Explorer Electric,2023,
ford,Ford,Explorer Sport,2001,2005
ford,Ford,Explorer Sport Trac,2002,2010
ford,Ford,F-150 Raptor,2009,
ford,Ford,F-150 Regular Cab,1996,2014
ford,Ford,F-150 Super Cab,2001,
ford,Ford,F-150 Super Crew,2001,
ford,Ford,Fiesta,1976,
ford,Ford,Fiesta ST,2012,2021
ford,Ford,Figo,2010,
ford,Ford,Five Hundred,2004,2007
ford,Ford,Flex,2009,2019
ford,Ford,Focus CC,2006,2011
ford,Ford,Focus RS,2002,2018
ford,Ford,Focus ST,2012,
ford,Ford,Focus US,1998,
ford,Ford,Freestar,2003,2007
ford,Ford,Freestyle,2004,2007
ford,Ford,Fusion European,2002,2012
ford,Ford,Fusion North American,2005,2020
ford,Ford,Galaxy,1995,2022
ford,Ford,Grand C-MAX,2011,2015
ford,Ford,GT,2004,2022
ford,Ford,Ka,1997,2015
ford,Ford,Ka+,2016,2019
ford,Ford,Ka+ Active,2018,2019
ford,Ford,Kuga,2008,
ford,Ford,Maverick,2021,
ford,Ford,Maverick LWB,1993,1998
ford,Ford,Maverick SWB,1993,1998
ford,Ford,Mondeo,1993,2022
ford,Ford,Mustang,1964,
ford,Ford,Mustang Mach 1,2020,
ford,Ford,Mustang MACH-E,2020,
ford,Ford,Orion,1990,1993
ford,Ford,Pinto,1971,1980
ford,Ford,Probe,1994,1998
ford,Ford,Puma,1998,2024
ford,Ford,Puma ST,2020,
ford,Ford,Ranger,2011,
ford,Ford,Ranger Regular Cab,2000,2017
ford,Ford,Ranger Super Cab,2000,2017
ford,Ford,Ranger Tremor,2023,
ford,Ford,Ranger Wildtrak,2023,
ford,Ford,Raptor Ranger,2018,2022
ford,Ford,S-Max,2006,2023
ford,Ford,Scorpio,1990,1997
ford,Ford,Sierra,1990,1993
ford,Ford,SportKa,2003,2008
ford,Ford,StreetKa,2003,2006
ford,Ford,Super Duty,2021,
ford,Ford,Taurus,1995,2019
ford,Ford,Taurus SHO,2009,2019
ford,Ford,Taurus X,2007,2009
ford,Ford,Territory,2018,2022
ford,Ford,Thunderbird,1955,2005
ford,Ford,Tourneo,2003,2024
ford,Ford,Transit Connect,2018,2023
ford,Ford,Transit Custom,2019,2023
ford,Ford,Wildtrak,2019,
ford,Ford,Windstar,1998,2004
ford,Ford,Zodiac,1962,1972
foton,Foton,Sauvana,2015,
foton,Foton,Tunland,2012,
foton,Foton,View,2008,
fso,FSO,125,1968,1978
fso,FSO,Polonez,1978,1985
fso,FSO,Polonez Atu,1993,2003
fso,FSO,Polonez Caro,1991,2002
fso,FSO,Polonez Kombi,1999,2002
fso,FSO,Prima,1988,1996
gac,GAC,Aion S,2019,
gac,GAC,Aion V,2020,
gac,GAC,Aion Y,2021,
gac,GAC,Emkoo,2022,
gac,GAC,Emzoom,2022,
gac,GAC,GA4,2018,
gac,GAC,GA6,2014,
gac,GAC,GN6,2019,
gac,GAC,GS3,2017,
gac,GAC,GS4,2015,
gac,GAC,GS8,2016,
gaz,GAZ,Gazelle,1994,
gaz,GAZ,Sobol,1998,
gaz,GAZ,Volga,1956,2010
geely,Geely,CK,2005,2016
geely,Geely,Emgrand EC7,2009,2014
geely,Geely,Galaxy,2023,
geely,Geely,Galaxy M9,2025,
geely,Geely,LC,2009,2017
geely,Geely,MK,2006,2014
genesis,Genesis,G70,2017,
genesis,Genesis,G70 Shooting Brake,2021,
genesis,Genesis,G80,2016,
genesis,Genesis,G90,2016,
genesis,Genesis,GV60,2022,
genesis,Genesis,GV70,2020,
genesis,Genesis,GV80,2023,
genesis,Genesis,GV90,2026,
gmc,GMC,Acadia,2007,2023
gmc,GMC,Canyon,2004,2021
gmc,GMC,CANYON AT4,2022,
gmc,GMC,CANYON AT4X,2022,
gmc,GMC,CANYON DENALI,2022,
gmc,GMC,Canyon Regular Cab,2004,2013
gmc,GMC,Envoy,2001,2009
gmc,GMC,Envoy XL,2001,2006
gmc,GMC,Envoy XUV,2003,2005
gmc,GMC,Hummer EV,2021,
gmc,GMC,Hummer EV SUV,2023,
gmc,GMC,Jimmy,1997,2001
gmc,GMC,Safari,1994,2005
gmc,GMC,Savana,1995,
gmc,GMC,Sierra 1500,2007,
gmc,GMC,Sierra 2500HD,2008,2022
gmc,GMC,Sierra 3500HD,2008,2019
gmc,GMC,Terrain,2009,
gmc,GMC,Typhoon,1992,1993
gmc,GMC,Yukon,1999,
gmc,GMC,Yukon XL,1999,
gordon-murray-automotive,Gordon Murray Automotive,T.33,2022,
gordon-murray-automotive,Gordon Murray Automotive,T.50,2022,
great-wall,Great Wall,Poer,2019,
great-wall,Great Wall,Steed,2006,2020
great-wall,Great Wall,Voleex C30,2010,2017
great-wall,Great Wall,Wingle,2006,
gta,GTA,Motor Spano,2012,2015
haval,Haval,Dargo,2021,
haval,Haval,F7,2018,
haval,Haval,F7x,2019,
haval,Haval,H2,2014,2021
haval,Haval,H6,2011,
haval,Haval,H9,2015,
haval,Haval,Jolion,2020,
hindustan,Hindustan,Ambassador,1959,2014
hindustan,Hindustan,Pushpak/Trekker,1999,2014
hindustan,Hindustan,RTV/Ranger,1998,2014
holden,Holden,Adventra,2003,2007
holden,Holden,Astra,2004,2009
holden,Holden,Astra Caravan,2003,2009
holden,Holden,Astra TwinTop,2007,2009
holden,Holden,Barina,2000,2018
holden,Holden,Barina RS,2013,2016
holden,Holden,Barina Spark,2010,2016
holden,Holden,Caprice/Statesman,1999,2017
holden,Holden,Captiva,2006,2018
holden,Holden,Captiva MaXX,2006,2011
holden,Holden,Combo,2002,2012
holden,Holden,Commodore,1997,2020
holden,Holden,Crewman,2003,2007
holden,Holden,Cruze Mk I,2002,2005
holden,Holden,Cruze Mk II,2008,2016
holden,Holden,Drover,1985,1987
holden,Holden,Drover Deluxe,1985,1987
holden,Holden,Epica,2007,2011
holden,Holden,Frontera MX,1997,2003
holden,Holden,HJ,1974,1976
holden,Holden,HZ,1977,1980
holden,Holden,Jackaroo,1998,2002
holden,Holden,Malibu,2013,2016
holden,Holden,Monaro,2001,2006
holden,Holden,Rodeo,1996,2008
holden,Holden,Statesman,1999,2010
holden,Holden,Tigra,2005,2009
holden,Holden,Trax,2013,2020
holden,Holden,Ute,2003,2017
holden,Holden,Vectra,1995,2005
holden,Holden,Zafira,1999,2005
honda,Honda,1300,1969,1973
honda,Honda,Accord,1976,
honda,Honda,Accord Crosstour,2009,2016
honda,Honda,Accord Euro,1998,2010
honda,Honda,Accord Tourer,1993,2012
honda,Honda,Accord Type R,1998,2005
honda,Honda,Airwave,2005,2010
honda,Honda,Avancier,1999,2003
honda,Honda,Beat,1991,1996
honda,Honda,Civic,1972,
honda,Honda,Civic Aero Deck,1998,2001
honda,Honda,Civic CRX,1983,1993
honda,Honda,Civic Shuttle,1987,1993
honda,Honda,Civic Si Sedan US,2024,
honda,Honda,Civic Tourer,2013,2017
honda,Honda,Civic Type-R,2001,
honda,Honda,Clarity,2007,2014
honda,Honda,Concerto,1990,1994
honda,Honda,CR-V,1996,
honda,Honda,CR-Z,2010,2016
honda,Honda,CRX Del Sol,1992,1997
honda,Honda,e,2020,
honda,Honda,e:Ny1,2023,
honda,Honda,Element,2003,2011
honda,Honda,Fit EV,2012,2014
honda,Honda,FR-V / Edix,2004,2011
honda,Honda,HR-V,1999,
honda,Honda,Insight,1999,2022
honda,Honda,Jazz / City,1983,1986
honda,Honda,Jazz / Fit,2002,
honda,Honda,Legend,1987,2017
honda,Honda,Logo / Fit,1996,2001
honda,Honda,MDX,2003,2006
honda,Honda,Mobilio,2001,2008
honda,Honda,N360,1967,1972
honda,Honda,N600,1969,1972
honda,Honda,NSX,1991,2021
honda,Honda,Odyssey,2005,
honda,Honda,Passport,2018,
honda,Honda,Pilot,2009,
honda,Honda,Prelude,1979,
honda,Honda,Prologue,2023,
honda,Honda,Ridgeline,2005,
honda,Honda,S2000,1999,2009
honda,Honda,S660,2015,2022
honda,Honda,S800,1966,1970
honda,Honda,S800C,1966,1970
honda,Honda,Shuttle,1995,2001
honda,Honda,Stream,2000,2009
honda,Honda,Super-N,2026,
honda,Honda,That's,2002,2007
honda,Honda,ZR-V,2023,
hongqi,Hongqi,E-HS9,2020,
hongqi,Hongqi,H5,2017,
hongqi,Hongqi,H9,2020,
hongqi,Hongqi,HS5,2019,
hongqi,Hongqi,HS7,2019,
hummer,Hummer,H1 2 Door Hardtop,1992,2006
hummer,Hummer,H1 4 Door,1992,2006
hummer,Hummer,H1 4 Door Hardtop,1992,2006
hummer,Hummer,H1 4 Door Opentop,1992,2006
hummer,Hummer,H2,2002,2009
hummer,Hummer,H2 SUT,2004,2009
hummer,Hummer,H3,2005,2010
hummer,Hummer,H3 Alpha,2007,2010
hyundai,Hyundai,Accent,1999,2023
hyundai,Hyundai,Atos,2003,2008
hyundai,Hyundai,Atos Multi,1998,2003
hyundai,Hyundai,Atos Spirit,1999,2003
hyundai,Hyundai,Bayon,2021,
hyundai,Hyundai,Coupe / Tiburon,1996,2009
hyundai,Hyundai,Elantra,2000,
hyundai,Hyundai,Elantra GT,2012,2020
hyundai,Hyundai,Elantra N,2020,
hyundai,Hyundai,Equus,2010,2016
hyundai,Hyundai,Excel,1989,2000
hyundai,Hyundai,Genesis,2008,2016
hyundai,Hyundai,Getz,2002,2011
hyundai,Hyundai,Grandeur / Azera,2005,
hyundai,Hyundai,i10,2008,
hyundai,Hyundai,i20,2009,
hyundai,Hyundai,i20 Active,2015,2020
hyundai,Hyundai,i20 N,2020,
hyundai,Hyundai,i30,2007,
hyundai,Hyundai,i30 N,2017,
hyundai,Hyundai,i40,2011,2020
hyundai,Hyundai,i800 / H-1,2008,2018
hyundai,Hyundai,Ioniq,2016,
hyundai,Hyundai,Ioniq 3,2026,
hyundai,Hyundai,Ioniq 5,2023,
hyundai,Hyundai,Ioniq 6,2022,
hyundai,Hyundai,Ioniq 9,2024,
hyundai,Hyundai,ix20,2010,2019
hyundai,Hyundai,ix35 / Tucson,2004,
hyundai,Hyundai,ix55 / Veracruz,2009,2012
hyundai,Hyundai,Kona,2017,
hyundai,Hyundai,Kona Electric,2018,
hyundai,Hyundai,Kona N,2021,2023
hyundai,Hyundai,Lantra,1991,2001
hyundai,Hyundai,Matrix,2001,2010
hyundai,Hyundai,Mistra,2014,2017
hyundai,Hyundai,NEXO,2018,
hyundai,Hyundai,Palisade,2019,
hyundai,Hyundai,Pony,1989,1994
hyundai,Hyundai,Santa Cruz,2021,
hyundai,Hyundai,Santa Fe,2000,
hyundai,Hyundai,Satellite,1997,2000
hyundai,Hyundai,Scoupe,1990,1996
hyundai,Hyundai,Sonata,1989,
hyundai,Hyundai,Sonata Hybrid,2010,2019
hyundai,Hyundai,Staria,2021,
hyundai,Hyundai,Terracan,2001,2007
hyundai,Hyundai,Trajet,2000,2008
hyundai,Hyundai,Veloster,2011,2021
hyundai,Hyundai,Venue,2019,
hyundai,Hyundai,XG,1999,2005
ineos,Ineos,Grenadier,2022,
infiniti,Infiniti,EX,2007,2014
infiniti,Infiniti,FX,2002,2013
infiniti,Infiniti,G,2008,2014
infiniti,Infiniti,G20,1991,2002
infiniti,Infiniti,G35,2001,2008
infiniti,Infiniti,I,1995,2004
infiniti,Infiniti,J,1993,1997
infiniti,Infiniti,JX,2012,2014
infiniti,Infiniti,M,1990,2013
infiniti,Infiniti,Q,1989,2006
infiniti,Infiniti,Q40,2014,2015
infiniti,Infiniti,Q50,2013,2024
infiniti,Infiniti,Q60,2013,2022
infiniti,Infiniti,Q70,2013,2019
infiniti,Infiniti,QX,1997,2014
infiniti,Infiniti,QX30,2015,2019
infiniti,Infiniti,QX50,2013,
infiniti,Infiniti,QX55,2021,
infiniti,Infiniti,QX60,2013,
infiniti,Infiniti,QX65,2026,
infiniti,Infiniti,QX70,2013,2019
infiniti,Infiniti,QX80,2014,
iran-khodro,Iran Khodro,Dena,2014,
iran-khodro,Iran Khodro,Paykan,1967,2005
iran-khodro,Iran Khodro,Runna,2011,
iran-khodro,Iran Khodro,Samand,2002,
iran-khodro,Iran Khodro,Soren,2007,
iran-khodro,Iran Khodro,Tara,2020,
isuzu,Isuzu,117,1968,1981
isuzu,Isuzu,Amigo,1997,2003
isuzu,Isuzu,Amigo Cabrio,1998,2003
isuzu,Isuzu,Ascender,2001,2008
isuzu,Isuzu,Axiom,2001,2004
isuzu,Isuzu,Hombre,1995,2000
isuzu,Isuzu,i-Series,2005,2009
isuzu,Isuzu,MU-7,2004,2013
isuzu,Isuzu,Rodeo / D-Max,2002,2019
isuzu,Isuzu,Trooper,1998,2002
jac,JAC,J7,2020,
jac,JAC,S2,2015,
jac,JAC,S3,2014,
jac,JAC,S4,2018,
jac,JAC,S7,2018,
jac,JAC,Sunray,2016,
jac,JAC,T6,2015,
jac,JAC,T8,2018,
jaguar,Jaguar,E-Pace,2017,2024
jaguar,Jaguar,F-Pace,2015,
jaguar,Jaguar,F-Pace SVR,2018,
jaguar,Jaguar,F-Type,2013,
jaguar,Jaguar,F-Type SVR,2016,2020
jaguar,Jaguar,I-Pace,2018,2024
jaguar,Jaguar,S-Type,1999,2007
jaguar,Jaguar,S-Type R,2002,2007
jaguar,Jaguar,X-Type,2001,2009
jaguar,Jaguar,XE,2015,2024
jaguar,Jaguar,XE SV,2017,2019
jaguar,Jaguar,XF,2008,
jaguar,Jaguar,XF Sportbrake,2012,
jaguar,Jaguar,XFR,2009,2011
jaguar,Jaguar,XJ,1979,2019
jaguar,Jaguar,XJ220,1992,1994
jaguar,Jaguar,XJR,1990,2019
jaguar,Jaguar,XK,1996,2014
jaguar,Jaguar,XKR,1998,2014
jeep,Jeep,Avenger,2022,
jeep,Jeep,Cherokee,2013,
jeep,Jeep,Cherokee/Liberty,1984,2012
jeep,Jeep,Commander,2005,2010
jeep,Jeep,Compass,2006,
jeep,Jeep,Gladiator,2020,
jeep,Jeep,Grand Cherokee,1992,
jeep,Jeep,Patriot,2007,2014
jeep,Jeep,Recon,2025,
jeep,Jeep,Renegade,2014,2022
jeep,Jeep,Wagoneer,1962,
jeep,Jeep,Wrangler,1986,
jeep,Jeep,Wrangler Rubicon,2023,
jeep,Jeep,Wrangler Unlimited,2004,2024
jetour,Jetour,Dashing,2022,
jetour,Jetour,T2,2023,
jetour,Jetour,X70,2018,
jetour,Jetour,X90,2019,
karma,Karma,Revero GT,2019,
karma,Karma,Revero GTS,2019,
kgm,KGM,Actyon,2024,
kgm,KGM,Korando,2023,
kgm,KGM,Musso,2025,
kgm,KGM,Rexton,2023,
kgm,KGM,Tivoli,2023,
kgm,KGM,Torres,2023,
kia,Kia,Borrego / Mohave,2009,2013
kia,Kia,Carens,2000,2018
kia,Kia,Carnival / Sedona,2002,
kia,Kia,cee'd,2007,2021
kia,Kia,cee'd SW,2007,2018
kia,Kia,Ceed,2018,
kia,Kia,Cerato / Spectra,2004,2009
kia,Kia,Cerato/Forte,2013,2018
kia,Kia,EV2,2026,
kia,Kia,EV3,2024,
kia,Kia,EV4,2025,
kia,Kia,EV5,2023,
kia,Kia,EV6,2021,
kia,Kia,EV9,2023,
kia,Kia,Forte,2009,
kia,Kia,Forte 5 Door,2010,2018
kia,Kia,Forte Koup,2009,2016
kia,Kia,Joice,1999,2003
kia,Kia,K4,2024,
kia,Kia,K4 Sportswagon,2026,
kia,Kia,K5,2019,
kia,Kia,K7 / Cadenza,2013,2019
kia,Kia,K9,2012,2021
kia,Kia,Niro,2016,
kia,Kia,Opirus / Amanti,2003,2010
kia,Kia,Optima / Magentis,2001,
kia,Kia,Optima Sportswagon,2016,2019
kia,Kia,Picanto,2004,
kia,Kia,Picanto X-Line,2017,2020
kia,Kia,Pro cee'd,2007,2025
kia,Kia,pro_cee’d GT,2013,2018
kia,Kia,PV5,2026,
kia,Kia,Rio,2005,
kia,Kia,Rondo,2008,2016
kia,Kia,Seltos,2019,
kia,Kia,Shuma,1998,2004
kia,Kia,Sorento,2002,
kia,Kia,Soul,2008,
kia,Kia,Sportage,2004,
kia,Kia,Stinger,2017,
kia,Kia,Stonic,2017,2025
kia,Kia,Stonic GT-Line,2020,
kia,Kia,Syros,2024,
kia,Kia,Tasman,2024,
kia,Kia,Telluride,2019,
kia,Kia,Venga,2009,2019
kia,Kia,XCeed,2019,
koenigsegg,Koenigsegg,Agera,2010,2016
koenigsegg,Koenigsegg,CC8S,2002,2005
koenigsegg,Koenigsegg,CCGT,2026,
koenigsegg,Koenigsegg,CCR,2004,2006
koenigsegg,Koenigsegg,CCX,2006,2010
koenigsegg,Koenigsegg,CCXR,2007,2010
koenigsegg,Koenigsegg,Gemera,2020,
koenigsegg,Koenigsegg,Jesko,2019,
koenigsegg,Koenigsegg,One:1,2014,2015
koenigsegg,Koenigsegg,Regera,2015,2022
koenigsegg,Koenigsegg,Sadairs Spear,2025,
ktm,KTM,X-Bow,2008,
lada,Lada,110,1998,2008
lada,Lada,111,1998,2008
lada,Lada,112,1999,2008
lada,Lada,Kalina,2006,2013
lada,Lada,Niva,1976,2021
lada,Lada,Nova,1981,1994
lada,Lada,Nova Combi,1985,1998
lada,Lada,Priora,2008,2018
lada,Lada,Samara,1984,2004
lamborghini,Lamborghini,350 GTS,,
lamborghini,Lamborghini,Aventador,2011,
lamborghini,Lamborghini,Centenario,2016,2017
lamborghini,Lamborghini,Countach,1973,1990
lamborghini,Lamborghini,Diablo,1990,2001
lamborghini,Lamborghini,Espada,1968,1976
lamborghini,Lamborghini,Fenomeno,2026,
lamborghini,Lamborghini,Gallardo,2003,2014
lamborghini,Lamborghini,Huracan,2014,
lamborghini,Lamborghini,Jalpa,1981,1988
lamborghini,Lamborghini,Jarama,1970,1976
lamborghini,Lamborghini,LM 002,1986,1993
lamborghini,Lamborghini,Miura,1966,1987
lamborghini,Lamborghini,Murcielago,2001,2010
lamborghini,Lamborghini,Reventon,2008,2009
lamborghini,Lamborghini,Revuelto,2023,
lamborghini,Lamborghini,Sian,2019,
lamborghini,Lamborghini,Silhouette,1976,1979
lamborghini,Lamborghini,Temerario,2024,
lamborghini,Lamborghini,Urraco,1972,1979
lamborghini,Lamborghini,Urus,2018,
lamborghini,Lamborghini,Veneno,2013,2014
lancia,Lancia,2000,1971,1974
lancia,Lancia,A112,1982,1986
lancia,Lancia,A112 Abarth,1984,1986
lancia,Lancia,Beta,1909,1984
lancia,Lancia,Beta Montecarlo,1974,1979
lancia,Lancia,Dedra,1990,1999
lancia,Lancia,Dedra Station,1994,1998
lancia,Lancia,Delta,1979,2014
lancia,Lancia,Delta HPE,1995,1998
lancia,Lancia,Flaminia,1958,1970
lancia,Lancia,Flavia,1960,2015
lancia,Lancia,Fulvia Berlina,1963,1972
lancia,Lancia,Gamma,1976,1980
lancia,Lancia,Kappa,1995,2000
lancia,Lancia,Kappa SW,1996,2000
lancia,Lancia,Lybra,1999,2005
lancia,Lancia,Lybra SW,1999,2005
lancia,Lancia,Musa,2003,2012
lancia,Lancia,Phedra,2002,2010
lancia,Lancia,Prisma,1983,1990
lancia,Lancia,Stratos,1973,1975
lancia,Lancia,Thema,1984,2014
lancia,Lancia,Thesis,2001,2009
lancia,Lancia,Trevi,1981,1985
lancia,Lancia,Voyager,2011,2015
lancia,Lancia,Ypsilon,2003,
lancia,Lancia,Zeta,1994,2001
land-rover,Land Rover,Defender 110,1991,2025
land-rover,Land Rover,Defender 130,2022,
land-rover,Land Rover,Defender 90,1991,2025
land-rover,Land Rover,Defender Octa,2024,
land-rover,Land Rover,Discovery,1990,2021
land-rover,Land Rover,Discovery Sport,2014,
land-rover,Land Rover,Discovery SVX,2018,2020
land-rover,Land Rover,Freelander,1998,2014
land-rover,Land Rover,Range Rover,1988,
land-rover,Land Rover,Range Rover Evoque,2011,
land-rover,Land Rover,Range Rover L,2014,2021
land-rover,Land Rover,Range Rover PHEV,2013,2022
land-rover,Land Rover,Range Rover Sport,2005,
land-rover,Land Rover,Range Rover Sport PHEV,2017,2022
land-rover,Land Rover,Range Rover Sport SVR,2015,2022
land-rover,Land Rover,Range Rover Velar,2017,2023
leapmotor,Leapmotor,C01,2022,
leapmotor,Leapmotor,C10,2024,
leapmotor,Leapmotor,C11,2021,
leapmotor,Leapmotor,T03,2020,
lexus,Lexus,CT,2011,2022
lexus,Lexus,ES,2002,
lexus,Lexus,GS,1993,2020
lexus,Lexus,GS F,2015,2020
lexus,Lexus,GX,2003,
lexus,Lexus,HS,2009,2013
lexus,Lexus,IS,1998,
lexus,Lexus,LBX,2023,
lexus,Lexus,LC,2016,
lexus,Lexus,LFA,2010,2013
lexus,Lexus,LM,2023,
lexus,Lexus,LS,1989,
lexus,Lexus,LX,1996,
lexus,Lexus,NX,2014,
lexus,Lexus,RC,2014,2025
lexus,Lexus,RC F,2014,2025
lexus,Lexus,RX,1998,
lexus,Lexus,RZ,2022,
lexus,Lexus,SC,1991,2010
lexus,Lexus,TX,2023,
lexus,Lexus,TZ,2026,
lexus,Lexus,UX,2018,2023
li-auto,Li Auto,L6,2024,
li-auto,Li Auto,L7,2023,
li-auto,Li Auto,L8,2022,
li-auto,Li Auto,L9,2022,
li-auto,Li Auto,Li One,2019,2022
li-auto,Li Auto,Mega,2024,
lightyear,Lightyear,Lightyear 0,2022,
lightyear,Lightyear,Lightyear 2,2023,
lincoln,Lincoln,Aviator,2002,
lincoln,Lincoln,Continental,1958,2020
lincoln,Lincoln,Corsair,2019,
lincoln,Lincoln,LS,1999,2006
lincoln,Lincoln,Mark LT,2005,2014
lincoln,Lincoln,MKC,2014,2019
lincoln,Lincoln,MKS,2008,2016
lincoln,Lincoln,MKT,2009,2019
lincoln,Lincoln,MKX,2006,2018
lincoln,Lincoln,MKZ,2006,2020
lincoln,Lincoln,Nautilus,2017,
lincoln,Lincoln,Navigator,1998,2024
lincoln,Lincoln,Navigator L,2006,2024
lincoln,Lincoln,Town Car,1998,2011
lincoln,Lincoln,Zephyr,1936,
lotus,Lotus,2 Eleven,2007,2015
lotus,Lotus,3 Eleven,2018,2018
lotus,Lotus,Elan,1962,1994
lotus,Lotus,Eletre,2022,
lotus,Lotus,Elise,1997,2021
lotus,Lotus,Elite,1957,1983
lotus,Lotus,Emeya,2023,
lotus,Lotus,Emira,2021,2024
lotus,Lotus,Esprit,1976,2004
lotus,Lotus,Europa,1965,2010
lotus,Lotus,Evija,2020,
lotus,Lotus,Evora,2008,2021
lotus,Lotus,Excel,1982,1992
lotus,Lotus,Exige,2000,2021
lucid,Lucid,Motors Air,2021,
lucid,Lucid,Motors Gravity,2023,
lynk-co,Lynk & Co,01,2017,
lynk-co,Lynk & Co,02,2018,
lynk-co,Lynk & Co,03,2018,
lynk-co,Lynk & Co,05,2020,
lynk-co,Lynk & Co,06,2020,
lynk-co,Lynk & Co,09,2021,
mahindra,Mahindra,Bolero,2011,2020
mahindra,Mahindra,Scorpio / GOA,2002,2014
mahindra,Mahindra,Thar,2010,2020
mahindra,Mahindra,Verito,2012,2019
marussia,Marussia,B1,2010,2010
marussia,Marussia,B2,2010,2014
maruti-suzuki,Maruti Suzuki,800,2000,2014
maruti-suzuki,Maruti Suzuki,Alto,2000,2014
maruti-suzuki,Maruti Suzuki,Baleno,2000,2007
maruti-suzuki,Maruti Suzuki,Ciaz,2014,2017
maruti-suzuki,Maruti Suzuki,Esteem,1995,2000
maruti-suzuki,Maruti Suzuki,Gipsy,1985,2019
maruti-suzuki,Maruti Suzuki,Swift,2006,2010
maruti-suzuki,Maruti Suzuki,Wagon R,2005,2009
maruti-suzuki,Maruti Suzuki,Zen,2006,2009
maserati,Maserati,Bora,1971,1978
maserati,Maserati,Coupe,1998,2004
maserati,Maserati,Ghibli,1967,
maserati,Maserati,GranCabrio,2010,
maserati,Maserati,GranSport,2004,2007
maserati,Maserati,GranTurismo,2007,
maserati,Maserati,Grecale,2022,
maserati,Maserati,Grecale Trofeo,2022,
maserati,Maserati,GT2 Stradale,2024,
maserati,Maserati,Indy,1969,1974
maserati,Maserati,Levante,2016,
maserati,Maserati,MC 12,2004,2005
maserati,Maserati,MC20,2020,
maserati,Maserati,MCPura,2025,
maserati,Maserati,MCPura Cielo,2025,
maserati,Maserati,Merak,1974,1982
maserati,Maserati,Quattroporte,1963,
maserati,Maserati,Quattroporte Sport GT S,2009,2013
maserati,Maserati,Spyder,2001,2007
maybach,Maybach,57,2002,2012
maybach,Maybach,62,2002,2012
maybach,Maybach,Landaulet,2008,2012
mazda,Mazda,121,1987,1998
mazda,Mazda,2 / Demio,2002,
mazda,Mazda,3 / Axela,2004,
mazda,Mazda,3 MPS / MAZDASPEED 3,2006,2013
mazda,Mazda,323,1989,1998
mazda,Mazda,323 Station,1986,1994
mazda,Mazda,5 / Premacy,2005,2013
mazda,Mazda,6 / Atenza,2002,2019
mazda,Mazda,626,1988,2002
mazda,Mazda,626 Station,1988,1991
mazda,Mazda,6e,2025,
mazda,Mazda,B Series / Bravo Dual Cab,1999,2006
mazda,Mazda,B Series / Bravo Freestyle Cab,1999,2006
mazda,Mazda,Biante,2008,2018
mazda,Mazda,BT-50,2006,2020
mazda,Mazda,CX-3,2015,2025
mazda,Mazda,CX-30,2019,
mazda,Mazda,CX-5,2012,
mazda,Mazda,CX-50,2021,
mazda,Mazda,CX-60,2022,
mazda,Mazda,CX-6e,2026,
mazda,Mazda,CX-7,2007,2012
mazda,Mazda,CX-70,2024,
mazda,Mazda,CX-8,2017,2023
mazda,Mazda,CX-80,2024,
mazda,Mazda,CX-9,2007,2024
mazda,Mazda,CX-90,2023,
mazda,Mazda,Flair,2012,2017
mazda,Mazda,Flairwagon,2012,2013
mazda,Mazda,MX-3,1991,1998
mazda,Mazda,MX-30,2019,
mazda,Mazda,MX-5 / Miata,1989,
mazda,Mazda,MX-6,1992,1997
mazda,Mazda,RX-7,1970,2002
mazda,Mazda,RX-8,2003,2012
mazda,Mazda,Tribute,2001,2011
mazda,Mazda,Verisa,2004,2015
mazda,Mazda,Xedos 6,1992,1999
mazda,Mazda,Xedos 9,1993,2002
mclaren,McLaren,12C GT Sprint,2013,2014
mclaren,McLaren,540C,2015,2021
mclaren,McLaren,570GT,2016,2021
mclaren,McLaren,570S,2015,2021
mclaren,McLaren,600LT,2018,2020
mclaren,McLaren,620R,2019,2021
mclaren,McLaren,650S,2014,2017
mclaren,McLaren,675LT,2015,2017
mclaren,McLaren,720S,2017,2023
mclaren,McLaren,750S,2023,
mclaren,McLaren,765LT,2020,
mclaren,McLaren,Artura,2021,
mclaren,McLaren,Elva,2020,
mclaren,McLaren,F1,1993,1998
mclaren,McLaren,F1 GT,,
mclaren,McLaren,F1 LM,,
mclaren,McLaren,GT,2019,2023
mclaren,McLaren,GTS,2023,
mclaren,McLaren,MP4-12C,2011,2015
mclaren,McLaren,P1,2013,2015
mclaren,McLaren,Senna,2018,2020
mclaren,McLaren,Speedtail,2018,
mclaren,McLaren,W1,2026,
mercedes-amg,Mercedes-AMG,A-Class,2015,2023
mercedes-amg,Mercedes-AMG,C-Class,2015,
mercedes-amg,Mercedes-AMG,C-CLASS,2015,
mercedes-amg,Mercedes-AMG,C-CLASS T-MODELL,2018,2021
mercedes-amg,Mercedes-AMG,CLA 45 Shooting Brake,2026,
mercedes-amg,Mercedes-AMG,CLA Shooting brake,2015,
mercedes-amg,Mercedes-AMG,CLA-Class,2016,
mercedes-amg,Mercedes-AMG,CLE,2023,
mercedes-amg,Mercedes-AMG,CLS-Class,2018,
mercedes-amg,Mercedes-AMG,E-Class,2016,
mercedes-amg,Mercedes-AMG,EQE,2022,
mercedes-amg,Mercedes-AMG,EQE SUV,2022,
mercedes-amg,Mercedes-AMG,EQS,2021,
mercedes-amg,Mercedes-AMG,G 63,2018,
mercedes-amg,Mercedes-AMG,GLA,2014,
mercedes-amg,Mercedes-AMG,GLB,2019,
mercedes-amg,Mercedes-AMG,GLC,2016,
mercedes-amg,Mercedes-AMG,GLC-Class,2016,
mercedes-amg,Mercedes-AMG,GLE,2015,
mercedes-amg,Mercedes-AMG,GLS- Class,2016,
mercedes-amg,Mercedes-AMG,GT,2015,
mercedes-amg,Mercedes-AMG,GT 4-DOOR,2018,
mercedes-amg,Mercedes-AMG,ONE,2022,
mercedes-amg,Mercedes-AMG,S-Class,2016,
mercedes-amg,Mercedes-AMG,SL-Class,2021,
mercedes-amg,Mercedes-AMG,SLC,2016,2020
mercedes-benz,Mercedes-Benz,MERCEDES BENZ A-Class,2018,2023
mercedes-benz,Mercedes-Benz,MERCEDES BENZ A-Klasse,1997,
mercedes-benz,Mercedes-Benz,MERCEDES BENZ A-Klasse AMG,2013,2015
mercedes-benz,Mercedes-Benz,MERCEDES BENZ A-Klasse Saloon,2022,
mercedes-benz,Mercedes-Benz,MERCEDES BENZ B-Klasse,2005,
mercedes-benz,Mercedes-Benz,MERCEDES BENZ C-Class,2016,2022
mercedes-benz,Mercedes-Benz,MERCEDES BENZ C-Class EV,2026,
mercedes-benz,Mercedes-Benz,MERCEDES BENZ C-Klasse,2011,2018
mercedes-benz,Mercedes-Benz,MERCEDES BENZ C-Klasse All-Terrain,2021,
mercedes-benz,Mercedes-Benz,MERCEDES BENZ C-Klasse AMG,1984,2015
mercedes-benz,Mercedes-Benz,MERCEDES BENZ C-Klasse and predecessors,1982,
mercedes-benz,Mercedes-Benz,MERCEDES BENZ C-Klasse Coupe AMG,2011,2016
mercedes-benz,Mercedes-Benz,MERCEDES BENZ C-Klasse SportCoupe AMG,2002,2004
mercedes-benz,Mercedes-Benz,MERCEDES BENZ C-Klasse SportCoupe/CLC,2000,2011
mercedes-benz,Mercedes-Benz,MERCEDES BENZ C-Klasse T-Modell,1996,
mercedes-benz,Mercedes-Benz,MERCEDES BENZ C-Klasse T-Modell AMG,2004,2007
mercedes-benz,Mercedes-Benz,MERCEDES BENZ Citan,2021,
mercedes-benz,Mercedes-Benz,MERCEDES BENZ CL AMG,2000,2014
mercedes-benz,Mercedes-Benz,MERCEDES BENZ CL-Klasse and predecessors,1952,2014
mercedes-benz,Mercedes-Benz,MERCEDES BENZ CLA 45,2013,2016
mercedes-benz,Mercedes-Benz,MERCEDES BENZ CLA Klasse,2013,
mercedes-benz,Mercedes-Benz,MERCEDES BENZ CLA Shooting Brake,2015,
mercedes-benz,Mercedes-Benz,MERCEDES BENZ CLE,2023,
mercedes-benz,Mercedes-Benz,MERCEDES BENZ CLK AMG,1999,2009
mercedes-benz,Mercedes-Benz,MERCEDES BENZ CLK AMG Cabrio,2000,2009
mercedes-benz,Mercedes-Benz,MERCEDES BENZ CLK GTR,1998,1999
mercedes-benz,Mercedes-Benz,MERCEDES BENZ CLS AMG,2004,2018
mercedes-benz,Mercedes-Benz,MERCEDES BENZ CLS Shooting Brake,2012,2017
mercedes-benz,Mercedes-Benz,MERCEDES BENZ CLS Shooting Brake AMG,2014,2018
mercedes-benz,Mercedes-Benz,MERCEDES BENZ CLS-Klasse,2004,
mercedes-benz,Mercedes-Benz,MERCEDES BENZ E-Class T-Modell All-Terrain,2017,
mercedes-benz,Mercedes-Benz,MERCEDES BENZ E-Klasse AMG,1996,2016
mercedes-benz,Mercedes-Benz,MERCEDES BENZ E-Klasse and predecessors,1946,
mercedes-benz,Mercedes-Benz,MERCEDES BENZ E-Klasse Cabriolet and predecessors,1992,2024
mercedes-benz,Mercedes-Benz,MERCEDES BENZ E-Klasse Coupe and predecessors,1969,2020
mercedes-benz,Mercedes-Benz,MERCEDES BENZ E-Klasse T-Modell,1965,2020
mercedes-benz,Mercedes-Benz,MERCEDES BENZ E-Klasse T-Modell AMG,2004,2017
mercedes-benz,Mercedes-Benz,MERCEDES BENZ EQA,2021,
mercedes-benz,Mercedes-Benz,MERCEDES BENZ EQB,2021,
mercedes-benz,Mercedes-Benz,MERCEDES BENZ EQC,2019,2023
mercedes-benz,Mercedes-Benz,MERCEDES BENZ EQE,2021,
mercedes-benz,Mercedes-Benz,MERCEDES BENZ EQE SUV,2022,
mercedes-benz,Mercedes-Benz,MERCEDES BENZ EQS,2021,
mercedes-benz,Mercedes-Benz,MERCEDES BENZ EQS SUV,2022,
mercedes-benz,Mercedes-Benz,MERCEDES BENZ EQS SUV Maybach,2023,
mercedes-benz,Mercedes-Benz,MERCEDES BENZ EQT,2023,
mercedes-benz,Mercedes-Benz,MERCEDES BENZ EQV,2019,2023
mercedes-benz,Mercedes-Benz,MERCEDES BENZ G-Klasse,1979,
mercedes-benz,Mercedes-Benz,MERCEDES BENZ G-Klasse AMG,1999,2018
mercedes-benz,Mercedes-Benz,MERCEDES BENZ G-Klasse Kurz,1979,2012
mercedes-benz,Mercedes-Benz,MERCEDES BENZ GL-Klasse,2006,2016
mercedes-benz,Mercedes-Benz,MERCEDES BENZ GL-Klasse AMG,2012,2016
mercedes-benz,Mercedes-Benz,MERCEDES BENZ GLA,2013,
mercedes-benz,Mercedes-Benz,MERCEDES BENZ GLB,2019,
mercedes-benz,Mercedes-Benz,MERCEDES BENZ GLC Class,2015,
mercedes-benz,Mercedes-Benz,MERCEDES BENZ GLE-Class,2015,
mercedes-benz,Mercedes-Benz,MERCEDES BENZ GLK-Klasse,2008,2016
mercedes-benz,Mercedes-Benz,MERCEDES BENZ GLS Maybach,2020,
mercedes-benz,Mercedes-Benz,MERCEDES BENZ GLS-Class,2016,
mercedes-benz,Mercedes-Benz,MERCEDES BENZ Laundalet,1960,1981
mercedes-benz,Mercedes-Benz,MERCEDES BENZ M-Klasse,1997,2015
mercedes-benz,Mercedes-Benz,MERCEDES BENZ M-Klasse AMG,1999,2015
mercedes-benz,Mercedes-Benz,MERCEDES BENZ Maybach EQS SUV,2023,
mercedes-benz,Mercedes-Benz,MERCEDES BENZ Pullman,1930,2020
mercedes-benz,Mercedes-Benz,MERCEDES BENZ R-Klasse,2005,2013
mercedes-benz,Mercedes-Benz,MERCEDES BENZ R-Klasse AMG,2006,2008
mercedes-benz,Mercedes-Benz,MERCEDES BENZ R-Klasse Lang,2005,2013
mercedes-benz,Mercedes-Benz,MERCEDES BENZ S-Class,1952,2020
mercedes-benz,Mercedes-Benz,MERCEDES BENZ S-Class Coupe AMG,2014,2017
mercedes-benz,Mercedes-Benz,MERCEDES BENZ S-Class Maybach,2015,
mercedes-benz,Mercedes-Benz,MERCEDES BENZ S-Klasse,2014,2020
mercedes-benz,Mercedes-Benz,MERCEDES BENZ S-Klasse AMG,1999,2017
mercedes-benz,Mercedes-Benz,MERCEDES BENZ S-Klasse and predecessors,1951,
mercedes-benz,Mercedes-Benz,MERCEDES BENZ SL AMG,1999,2019
mercedes-benz,Mercedes-Benz,MERCEDES BENZ SL Monogram Maybach,2025,
mercedes-benz,Mercedes-Benz,MERCEDES BENZ SL-Klasse,1954,2020
mercedes-benz,Mercedes-Benz,MERCEDES BENZ SLC-Class,2016,2020
mercedes-benz,Mercedes-Benz,MERCEDES BENZ SLK AMG,2000,2016
mercedes-benz,Mercedes-Benz,MERCEDES BENZ SLK-Klasse,1955,2016
mercedes-benz,Mercedes-Benz,MERCEDES BENZ SLR McLaren,2003,2009
mercedes-benz,Mercedes-Benz,MERCEDES BENZ SLS AMG,2010,2015
mercedes-benz,Mercedes-Benz,MERCEDES BENZ T-Class,2022,
mercedes-benz,Mercedes-Benz,MERCEDES BENZ V-Class and predecessors,1996,2023
mercedes-benz,Mercedes-Benz,MERCEDES BENZ VANEO,2002,2006
mercedes-benz,Mercedes-Benz,MERCEDES BENZ VIANO,2003,2014
mercedes-benz,Mercedes-Benz,MERCEDES BENZ Vito,2020,
mercedes-benz,Mercedes-Benz,MERCEDES BENZ VLE,2026,
mercedes-benz,Mercedes-Benz,MERCEDES BENZ X-Class,2017,2020
mercury,Mercury,Cougar,1998,2002
mercury,Mercury,Grand Marquis,2002,2011
mercury,Mercury,Marauder,2003,2004
mercury,Mercury,Mariner,2004,2011
mercury,Mercury,Milan,2005,2011
mercury,Mercury,Montego,2004,2007
mercury,Mercury,Monterey,2004,2006
mercury,Mercury,Mountaineer,2006,2010
mercury,Mercury,Sable,2007,2009
mercury,Mercury,Villager,1992,2002
mg,MG,F/ TF,1995,2005
mg,MG,GS,2015,2019
mg,MG,HS,2019,2024
mg,MG,IM5,2025,
mg,MG,IM6,2025,
mg,MG,Marvel R,2021,
mg,MG,MG 3,2013,
mg,MG,MG 4,2022,
mg,MG,MG 5,2021,
mg,MG,MG 6,2011,2016
mg,MG,S5 EV,2025,
mg,MG,U9,2025,
mg,MG,XPower,2004,2005
mg,MG,ZR,2001,2005
mg,MG,ZS,2001,
mg,MG,ZT,2001,2005
mg,MG,ZT-T,2001,2005
mini,MINI,Aceman,2024,
mini,MINI,Classic,1997,
mini,MINI,Clubman,2007,2023
mini,MINI,Clubvan,2012,2014
mini,MINI,Convertible,2004,
mini,MINI,Countryman,2010,
mini,MINI,Coupe,2011,2015
mini,MINI,Hatch,1997,
mini,MINI,Paceman,2013,2016
mini,MINI,Roadster,2011,2015
mitsubishi,Mitsubishi,3000 GT,1990,2001
mitsubishi,Mitsubishi,ASX / RVR / Outlander Sport,2010,
mitsubishi,Mitsubishi,Attrage,2013,2024
mitsubishi,Mitsubishi,Carisma,1995,2004
mitsubishi,Mitsubishi,Colt,1988,
mitsubishi,Mitsubishi,Colt CZC,2006,2012
mitsubishi,Mitsubishi,Eclipse,1989,
mitsubishi,Mitsubishi,Eclipse Cross,2017,
mitsubishi,Mitsubishi,Endeavor,2002,2007
mitsubishi,Mitsubishi,Galant,1988,2012
mitsubishi,Mitsubishi,Galant Station,1997,2001
mitsubishi,Mitsubishi,Grandis,2005,2011
mitsubishi,Mitsubishi,i-MiEV,2009,2021
mitsubishi,Mitsubishi,L 200,1995,2019
mitsubishi,Mitsubishi,L300,1986,1994
mitsubishi,Mitsubishi,Lancer,1988,2017
mitsubishi,Mitsubishi,Lancer Combi,1988,2006
mitsubishi,Mitsubishi,Lancer Evolution,1992,2016
mitsubishi,Mitsubishi,Mirage,2012,2024
mitsubishi,Mitsubishi,Mirage G4,2013,2019
mitsubishi,Mitsubishi,Outlander / Airtrek,2003,
mitsubishi,Mitsubishi,Pajero,1982,2009
mitsubishi,Mitsubishi,Pajero Pinin / Shogun Pinin / Montero iO,1998,2007
mitsubishi,Mitsubishi,Raider,2005,2009
mitsubishi,Mitsubishi,Sigma,1991,1996
mitsubishi,Mitsubishi,Space Runner,1991,1999
mitsubishi,Mitsubishi,Space Star,2002,2017
mitsubishi,Mitsubishi,Starion,1982,1991
morgan,Morgan,3 wheeler,2011,2021
morgan,Morgan,4/4 2 Seater,2008,
morgan,Morgan,4/4 4 Seater,2006,2011
morgan,Morgan,Aero,2012,2016
morgan,Morgan,Aero 8,2001,2018
morgan,Morgan,Aero SuperSports,2009,2016
morgan,Morgan,AeroMax,2005,2011
morgan,Morgan,Midsummer,2026,
morgan,Morgan,Plus 4,2005,
morgan,Morgan,Plus 8,2012,2018
morgan,Morgan,Plus Six,2019,
morgan,Morgan,Roadster,2004,2019
moskvitch,Moskvitch,2140,1976,1988
moskvitch,Moskvitch,2141,1986,2003
moskvitch,Moskvitch,3,2022,
moskvitch,Moskvitch,412,1967,1998
nio,NIO,EC6,2020,
nio,NIO,EP9,2016,2019
nio,NIO,ES6,2018,2023
nio,NIO,ES8,2018,2020
nio,NIO,ET7,2020,
nissan,Nissan,100 NX,1991,1996
nissan,Nissan,200 SX,1989,2000
nissan,Nissan,300 ZX,1984,1996
nissan,Nissan,350Z,2002,2009
nissan,Nissan,370Z,2008,2020
nissan,Nissan,370Z Nismo,2009,2021
nissan,Nissan,Almera / Pulsar,1995,2019
nissan,Nissan,Almera Tino,2000,2006
nissan,Nissan,Altima,1998,
nissan,Nissan,Ariya,2020,
nissan,Nissan,Armada,2003,
nissan,Nissan,Bluebird,1986,1990
nissan,Nissan,Bluebird Traveller,1986,1990
nissan,Nissan,Cube,2008,2019
nissan,Nissan,Elgrand,2025,
nissan,Nissan,Grand Livina,2006,2013
nissan,Nissan,GT-R,1969,
nissan,Nissan,GT-R Nismo,2014,
nissan,Nissan,Juke,2010,
nissan,Nissan,Juke EV,2026,
nissan,Nissan,Juke Nismo,2013,2017
nissan,Nissan,Kicks,2016,
nissan,Nissan,Leaf,2010,
nissan,Nissan,Liberty,1999,2004
nissan,Nissan,Maxima,1989,2023
nissan,Nissan,Micra,1982,
nissan,Nissan,Micra C+C,2005,2008
nissan,Nissan,Murano,2003,
nissan,Nissan,Murano CrossCabriolet,2011,2014
nissan,Nissan,N7,2024,
nissan,Nissan,Navara / Frontier,2005,
nissan,Nissan,Note,2005,2019
nissan,Nissan,NP300,2008,2015
nissan,Nissan,NV,2009,2019
nissan,Nissan,Pathfinder,2001,
nissan,Nissan,Patrol LWB,1988,
nissan,Nissan,Patrol SWB,1988,2010
nissan,Nissan,Pixo,2009,2013
nissan,Nissan,Platina,2006,2010
nissan,Nissan,Prairie,1989,1996
nissan,Nissan,Primera,1990,2008
nissan,Nissan,Primera Break,1990,2007
nissan,Nissan,Qashqai,2007,
nissan,Nissan,Quest,2004,2017
nissan,Nissan,Rogue,2007,
nissan,Nissan,Sakura,2022,
nissan,Nissan,Sentra,2000,
nissan,Nissan,Serena,1991,2022
nissan,Nissan,Skyline,2001,2010
nissan,Nissan,Sunny,1993,2019
nissan,Nissan,Sunny Traveller,1993,1996
nissan,Nissan,Teana,2003,2013
nissan,Nissan,Terrano,1988,2019
nissan,Nissan,Tiida / Versa,2006,
nissan,Nissan,Titan,2004,2024
nissan,Nissan,X-Trail,2001,
nissan,Nissan,XTerra,2002,2015
nissan,Nissan,Z Nismo,2021,
oldsmobile,Oldsmobile,442,1970,1971
oldsmobile,Oldsmobile,Alero,1999,2004
oldsmobile,Oldsmobile,Aurora,1994,2003
oldsmobile,Oldsmobile,Bravada,2001,2004
oldsmobile,Oldsmobile,Intrigue,1997,2002
oldsmobile,Oldsmobile,Silhouette,1996,2004
oldsmobile,Oldsmobile,Toronado,1966,1992
omoda,Omoda,7,2026,
opel,Opel,Adam,2013,2019
opel,Opel,Adam Rocks,2013,2019
opel,Opel,Agila,2000,2015
opel,Opel,Ampera,2011,2019
opel,Opel,Antara,2007,2017
opel,Opel,Astra,1991,
opel,Opel,Astra Caravan,1994,2011
opel,Opel,Astra GTC,2011,2018
opel,Opel,Astra OPC,2000,2018
opel,Opel,Astra Sports Tourer,2010,
opel,Opel,Astra Twin Top /,2006,2011
opel,Opel,Calibra,1989,1997
opel,Opel,Cascada,2013,2019
opel,Opel,Combo,2001,2023
opel,Opel,Corsa,1993,
opel,Opel,Corsa GSE,2026,
opel,Opel,Corsa OPC,2007,2019
opel,Opel,Crossland,2017,
opel,Opel,Frontera,1992,
opel,Opel,Grandland,2017,
opel,Opel,GT,1968,2009
opel,Opel,Insignia,2008,2022
opel,Opel,Insignia Country Tourer,2013,2017
opel,Opel,Insignia GSi,2017,2020
opel,Opel,Insignia OPC,2009,2013
opel,Opel,Insignia Sports Tourer,2009,2020
opel,Opel,Insignia Sports Tourer GSi,2017,2020
opel,Opel,Insignia Sports Tourer OPC,2009,2017
opel,Opel,Kadett,1984,1993
opel,Opel,Kadett Caravan,1984,1991
opel,Opel,Karl,2015,2019
opel,Opel,Manta,1975,1989
opel,Opel,Meriva,2003,2017
opel,Opel,Mokka,2012,
opel,Opel,Monterey,1992,1998
opel,Opel,Monza,1983,1987
opel,Opel,Omega,1986,2003
opel,Opel,Omega Caravan,1986,2003
opel,Opel,Rekord,1977,1986
opel,Opel,Rekord Caravan,1977,1986
opel,Opel,Rocks-e,2021,
opel,Opel,Senator,1983,1993
opel,Opel,Signum,2003,2008
opel,Opel,Sintra,1997,1999
opel,Opel,Speedster,2001,2005
opel,Opel,Tigra,1994,2009
opel,Opel,Vectra,1988,2008
opel,Opel,Vectra Caravan,1996,2008
opel,Opel,Vectra OPC,2005,2008
opel,Opel,Zafira,1999,
ora,Ora,Black Cat,2018,
ora,Ora,Funky Cat,2022,
ora,Ora,Good Cat,2020,
ora,Ora,Lightning Cat,2023,
pagani,Pagani,Huayra,2012,2022
pagani,Pagani,Imola,2020,
pagani,Pagani,Utopia,2022,
pagani,Pagani,Zonda,2003,2006
pagani,Pagani,Zonda Cinque,2008,2010
pagani,Pagani,Zonda F,2005,2010
pagani,Pagani,Zonda S,2002,2006
panoz,Panoz,Avezzano,2017,
panoz,Panoz,Esperante,1999,2007
panoz,Panoz,Esperante GT,2000,2007
panoz,Panoz,Esperante GTLM,2003,2007
panoz,Panoz,Roadster,1992,1995
perodua,Perodua,Alza,2009,2022
perodua,Perodua,Aruz,2019,
perodua,Perodua,Axia,2014,2023
perodua,Perodua,Bezza,2016,2025
perodua,Perodua,Myvi,2015,2017
peugeot,Peugeot,1007,2007,2009
peugeot,Peugeot,104,1972,1988
peugeot,Peugeot,106,1991,2003
peugeot,Peugeot,107,2005,2014
peugeot,Peugeot,108,2014,2022
peugeot,Peugeot,2008,2013,
peugeot,Peugeot,205,1983,1998
peugeot,Peugeot,206,1998,2012
peugeot,Peugeot,206 CC,2001,2007
peugeot,Peugeot,206 SW,2002,2007
peugeot,Peugeot,206+,2009,2013
peugeot,Peugeot,207,2006,2012
peugeot,Peugeot,207 CC,2007,2014
peugeot,Peugeot,207 SW,2007,2012
peugeot,Peugeot,208,2012,
peugeot,Peugeot,208 GTI,2013,2018
peugeot,Peugeot,208 XY,2013,2015
peugeot,Peugeot,3008,2009,
peugeot,Peugeot,301,2012,
peugeot,Peugeot,306,1993,2003
peugeot,Peugeot,307,2001,2008
peugeot,Peugeot,307 CC,2003,2008
peugeot,Peugeot,307 SW,2002,2008
peugeot,Peugeot,308,2008,
peugeot,Peugeot,308 CC,2008,2015
peugeot,Peugeot,308 SW,2008,
peugeot,Peugeot,4007,2007,2012
peugeot,Peugeot,4008,2012,2017
peugeot,Peugeot,405,1987,1996
peugeot,Peugeot,406,1995,2004
peugeot,Peugeot,406 Break,1996,2004
peugeot,Peugeot,407,2004,2010
peugeot,Peugeot,407 SW,2004,2010
peugeot,Peugeot,408,2010,
peugeot,Peugeot,5008,2009,
peugeot,Peugeot,504,1968,1982
peugeot,Peugeot,505,1979,1992
peugeot,Peugeot,508,2010,
peugeot,Peugeot,508 RXH,2011,2018
peugeot,Peugeot,508 SW,2010,
peugeot,Peugeot,604,1975,1986
peugeot,Peugeot,605,1989,1999
peugeot,Peugeot,607,2000,2010
peugeot,Peugeot,806,1994,2002
peugeot,Peugeot,807,2002,2008
peugeot,Peugeot,Hoggar,2010,2014
peugeot,Peugeot,iOn,2010,2012
peugeot,Peugeot,Landtrek,2020,
peugeot,Peugeot,Partner Combi,2002,2008
peugeot,Peugeot,Pick Up,2017,2020
peugeot,Peugeot,RCZ,2009,2015
peugeot,Peugeot,RCZ R,2013,2015
peugeot,Peugeot,RIFTER,2018,2023
peugeot,Peugeot,Tepee,2007,2017
peugeot,Peugeot,Traveller,2016,
pininfarina,Pininfarina,B95,2023,
pininfarina,Pininfarina,Battista,2019,2025
plymouth,Plymouth,ACCLAIM,1988,1994
plymouth,Plymouth,BREEZE,1995,2000
plymouth,Plymouth,LASER,1989,1994
plymouth,Plymouth,NEON,1994,1999
plymouth,Plymouth,Valiant,1967,1973
plymouth,Plymouth,VOYAGER,1984,2000
polestar,Polestar,1,2019,2022
polestar,Polestar,2,2019,
polestar,Polestar,3,2022,
polestar,Polestar,4,2023,
polestar,Polestar,5,2025,
pontiac,Pontiac,Aztek,2000,2005
pontiac,Pontiac,Bonneville,1958,2005
pontiac,Pontiac,Fiero,1985,1988
pontiac,Pontiac,Firebird,1967,2002
pontiac,Pontiac,G3,2009,2011
pontiac,Pontiac,G5,2004,2010
pontiac,Pontiac,G6,2004,2010
pontiac,Pontiac,G8,2007,2009
pontiac,Pontiac,Grand Am,1998,2005
pontiac,Pontiac,Grand Prix,1990,2008
pontiac,Pontiac,GTO,1964,2006
pontiac,Pontiac,Montana,2000,2009
pontiac,Pontiac,Solstice,2005,2009
pontiac,Pontiac,Sunfire,1994,2005
pontiac,Pontiac,Sunfire Cabrio,1994,1999
pontiac,Pontiac,Torrent,2005,2009
pontiac,Pontiac,Trans Sport,1990,1996
pontiac,Pontiac,Vibe,2002,2010
porsche,Porsche,718,2019,
porsche,Porsche,718 Boxster,2016,
porsche,Porsche,718 Boxster GTS,2017,
porsche,Porsche,718 Boxster S,2016,
porsche,Porsche,718 Cayman,2016,
porsche,Porsche,718 Cayman GT4,2015,
porsche,Porsche,718 Cayman GTS,2017,
porsche,Porsche,718 Cayman S,2016,
porsche,Porsche,911 Carrera,1964,
porsche,Porsche,911 Carrera 4,1988,2016
porsche,Porsche,911 Carrera 4 GTS,2014,
porsche,Porsche,911 Carrera 4S,1995,2025
porsche,Porsche,911 Carrera GTS,2010,2021
porsche,Porsche,911 Carrera RS,1972,1996
porsche,Porsche,911 Carrera S,1995,2024
porsche,Porsche,911 Carrera T,2017,
porsche,Porsche,911 GT2,1995,2009
porsche,Porsche,911 GT2 RS,2010,2019
porsche,Porsche,911 GT3,1999,
porsche,Porsche,911 GT3 RS,2004,2019
porsche,Porsche,911 GT3 S-C,2026,
porsche,Porsche,911 R,2016,2019
porsche,Porsche,911 Sport Classic,2010,2012
porsche,Porsche,911 Targa,1967,1997
porsche,Porsche,911 Targa 4,2006,
porsche,Porsche,911 Targa 4 GTS,2015,
porsche,Porsche,911 Targa 4S,2006,
porsche,Porsche,911 Turbo,1974,
porsche,Porsche,911 Turbo S,2004,
porsche,Porsche,918,2013,2015
porsche,Porsche,928,1978,1982
porsche,Porsche,928 GT,1989,1991
porsche,Porsche,928 GTS,1992,1995
porsche,Porsche,928 S,1980,1991
porsche,Porsche,944,1981,1990
porsche,Porsche,944 S,1986,1991
porsche,Porsche,944 Turbo,1985,1990
porsche,Porsche,959,1987,1988
porsche,Porsche,968,1991,1995
porsche,Porsche,968 Turbo S,1993,1994
porsche,Porsche,Boxster,1996,2019
porsche,Porsche,Boxster S,1999,2016
porsche,Porsche,Carrera GT,2003,2006
porsche,Porsche,Cayenne,2002,
porsche,Porsche,Cayenne Diesel,2008,2017
porsche,Porsche,Cayenne Electric,2026,
porsche,Porsche,Cayenne GTS,2008,
porsche,Porsche,Cayenne S,2002,
porsche,Porsche,Cayenne S Diesel,2012,2017
porsche,Porsche,Cayenne S E-Hybrid,2014,2019
porsche,Porsche,Cayenne S Electric,2026,
porsche,Porsche,Cayenne S Hybrid,2010,2014
porsche,Porsche,Cayenne S TransSyberia,2009,2011
porsche,Porsche,Cayenne Turbo,2002,2023
porsche,Porsche,Cayenne Turbo E-Hybrid,2023,
porsche,Porsche,Cayenne Turbo Electric,2026,
porsche,Porsche,Cayenne Turbo S,2006,2017
porsche,Porsche,Cayenne Turbo S E-Hybrid,2019,2023
porsche,Porsche,Cayman,2006,2016
porsche,Porsche,Cayman R,2010,2011
porsche,Porsche,Cayman S,2005,2016
porsche,Porsche,Macan,2014,2024
porsche,Porsche,Macan 4 Electric,2024,
porsche,Porsche,Macan GTS,2015,
porsche,Porsche,Macan S,2014,
porsche,Porsche,Macan S Diesel,2014,2018
porsche,Porsche,Macan T,2022,
porsche,Porsche,Macan Turbo,2014,2021
porsche,Porsche,Macan Turbo Electric,2024,
porsche,Porsche,Panamera,2009,2023
porsche,Porsche,Panamera 4,2009,
porsche,Porsche,Panamera 4 E-Hybrid,2016,2020
porsche,Porsche,Panamera 4 E-Hybrid Sport Turismo,2017,2020
porsche,Porsche,Panamera 4 Sport Turismo,2017,2020
porsche,Porsche,Panamera 4S,2009,2020
porsche,Porsche,Panamera 4S Diesel,2016,2020
porsche,Porsche,Panamera 4S Diesel Sport Turismo,2017,2020
porsche,Porsche,Panamera 4S E-Hybrid,2020,
porsche,Porsche,Panamera 4S Sport Turismo,2017,2020
porsche,Porsche,Panamera Diesel,2011,2016
porsche,Porsche,Panamera GTS,2011,
porsche,Porsche,Panamera GTS Sport Turismo,2018,
porsche,Porsche,Panamera S,2009,2016
porsche,Porsche,Panamera S E-Hybrid,2013,2016
porsche,Porsche,Panamera S Hybrid,2011,2013
porsche,Porsche,Panamera Turbo,2009,2020
porsche,Porsche,Panamera Turbo E Hybrid,2023,
porsche,Porsche,Panamera Turbo S,2011,
porsche,Porsche,Panamera Turbo S E-Hybrid,2017,2020
porsche,Porsche,Panamera Turbo S E-Hybrid Sport Turismo,2017,2023
porsche,Porsche,Panamera Turbo S Sport Turismo,2020,
porsche,Porsche,Panamera Turbo Sport Turismo,2017,2020
porsche,Porsche,Speedster,2019,2019
porsche,Porsche,Taycan,2019,
porsche,Porsche,Taycan Cross Turismo,2021,
porsche,Porsche,Taycan GTS,2021,
porsche,Porsche,Taycan GTS Sport Turismo,2021,
porsche,Porsche,Taycan Sport Turismo,2024,
porsche,Porsche,Taycan Turbo,2019,
proton,Proton,Arena / Jumbuck,2002,2011
proton,Proton,Ertiga,2016,2018
proton,Proton,Exora,2009,2019
proton,Proton,Gen-2,2004,2013
proton,Proton,Inspira,2010,2015
proton,Proton,Iriz,2014,2017
proton,Proton,Perdana,2016,2020
proton,Proton,Persona,2007,2019
proton,Proton,Preve,2011,2018
proton,Proton,Saga,2011,2019
proton,Proton,Satria Neo,2006,2015
proton,Proton,Savvy,2005,2012
proton,Proton,Suprima S,2013,2019
proton,Proton,Waja / Impian,2001,2011
qoros,Qoros,3,2013,2020
qoros,Qoros,5,2016,2020
ram,Ram,Trucks 1500,2013,
ram,Ram,Trucks 2500,2013,2025
ram,Ram,Trucks 3500,2013,2025
renault,Renault,11,1983,1986
renault,Renault,12,1969,1980
renault,Renault,14,1976,1983
renault,Renault,16,1965,1980
renault,Renault,18,1978,1984
renault,Renault,19,1988,1996
renault,Renault,20,1975,1984
renault,Renault,21,1986,1994
renault,Renault,25,1984,1992
renault,Renault,30,1979,1984
renault,Renault,4 E-Tech,2025,
renault,Renault,5,1972,1984
renault,Renault,5 E-Tech,2024,
renault,Renault,8,1962,1971
renault,Renault,9,1981,1988
renault,Renault,Alaskan,2016,2025
renault,Renault,Alpine,1977,1994
renault,Renault,Arkana,2019,
renault,Renault,Austral,2022,
renault,Renault,Avantime,2001,2003
renault,Renault,Boreal,2025,
renault,Renault,Captur,2013,
renault,Renault,City K-ZE,2019,
renault,Renault,Clio,1990,
renault,Renault,Clio RS,2013,2016
renault,Renault,Clio Symbol / Thalia,2000,2013
renault,Renault,Duster OROCH,2015,2022
renault,Renault,Espace,1985,
renault,Renault,Filante,2026,
renault,Renault,Fluence,2009,2016
renault,Renault,Fuego,1980,1985
renault,Renault,Grand Kangoo,2023,
renault,Renault,Grand Modus,2008,2012
renault,Renault,Grand Scenic,2003,2022
renault,Renault,Kadjar,2015,2020
renault,Renault,Kangoo,1997,
renault,Renault,Kardian,2023,
renault,Renault,Kiger,2021,
renault,Renault,Koleos,2007,2025
renault,Renault,Kwid,2015,2019
renault,Renault,Laguna,1994,2016
renault,Renault,Latitude,2010,2015
renault,Renault,Logan,2014,2022
renault,Renault,Megane,1996,
renault,Renault,Megane E-Tech,2021,
renault,Renault,Modus,2005,2012
renault,Renault,Niagara,2026,
renault,Renault,Pulse,2011,2017
renault,Renault,Rafale,2023,
renault,Renault,Safrane,1992,2000
renault,Renault,Sandero,2007,2025
renault,Renault,Sandero GT,2012,2015
renault,Renault,Scala,2012,2017
renault,Renault,Scenic,1995,
renault,Renault,SCENIC XMOD,2013,2016
renault,Renault,Spider,1996,1998
renault,Renault,Symbioz,2024,
renault,Renault,Talisman,2016,2022
renault,Renault,Triber,2019,2025
renault,Renault,Twingo,2007,
renault,Renault,Twingo RS,2008,2013
renault,Renault,Twizy,2012,2023
renault,Renault,Vel Satis,2002,2009
renault,Renault,Wind,2010,2013
renault,Renault,ZOE,2013,2024
rimac,Rimac,Nevera,2021,
rivian,Rivian,R1S,2021,
rivian,Rivian,R1T,2021,
rivian,Rivian,R2,2024,
rivian,Rivian,R3,2024,
rivian,Rivian,R3X,2024,
rolls-royce,Rolls-Royce,Arcadia,2024,
rolls-royce,Rolls-Royce,Camargue,1975,1986
rolls-royce,Rolls-Royce,Corniche,1971,2003
rolls-royce,Rolls-Royce,Cullinan,2018,
rolls-royce,Rolls-Royce,Dawn,2016,2023
rolls-royce,Rolls-Royce,Flying Spur,1994,1995
rolls-royce,Rolls-Royce,Ghost,2009,
rolls-royce,Rolls-Royce,La Rose Noire,2023,
rolls-royce,Rolls-Royce,Park Ward,1995,2002
rolls-royce,Rolls-Royce,Phantom,1925,2022
rolls-royce,Rolls-Royce,Silver Dawn,1949,1999
rolls-royce,Rolls-Royce,Silver Seraph,1998,2002
rolls-royce,Rolls-Royce,Silver Shadow,1965,1982
rolls-royce,Rolls-Royce,Silver Spirit,1980,1998
rolls-royce,Rolls-Royce,Silver Spur,1995,1998
rolls-royce,Rolls-Royce,Spectre,2022,
rolls-royce,Rolls-Royce,Wraith,2013,2023
rover,Rover,100 Cabrio,1994,2000
saab,Saab,9-2X,2004,2006
saab,Saab,9-3,1998,2012
saab,Saab,9-3 Aero,2014,2014
saab,Saab,9-3 Sport,1998,2012
saab,Saab,9-3 SportCombi,2004,2012
saab,Saab,9-3X,2009,2012
saab,Saab,9-5,1997,2012
saab,Saab,9-5 SportCombi,1998,2009
saab,Saab,9-7X,2005,2009
saab,Saab,90,1984,1987
saab,Saab,900,1994,1998
saab,Saab,900 Cabrio,1986,1998
saab,Saab,9000,1991,1998
saipa,Saipa,Pride,1993,
saipa,Saipa,Quick,2018,
saipa,Saipa,Saba,1993,2005
saipa,Saipa,Saina,2016,
saipa,Saipa,Shahin,2020,
saipa,Saipa,Tiba,2009,
saleen,Saleen,S7,2000,2004
saleen,Saleen,S7TT,2005,2006
samsung,Samsung,SM 3,2002,2013
samsung,Samsung,SM 5,1998,2010
samsung,Samsung,SM 7,2005,2011
santana,Santana,300 - 350,2005,2011
santana,Santana,PS 10 Pickup,2003,2008
santana,Santana,PS 10 Plus,2002,2006
santana,Santana,PS 10 Shortline,2006,2008
saturn,Saturn,Astra,2007,2010
saturn,Saturn,Aura,2006,2009
saturn,Saturn,Ion,2003,2007
saturn,Saturn,Ion Quad,2003,2007
saturn,Saturn,Outlook,2006,2010
saturn,Saturn,Relay,2004,2007
saturn,Saturn,Sky,2006,2009
saturn,Saturn,Vue,2001,2010
scion,Scion,FR-S,2013,2016
scion,Scion,iA,2016,2017
scion,Scion,iM,2016,2017
scion,Scion,iQ,2011,2016
scion,Scion,tC,2003,2016
scion,Scion,xA,2003,2006
scion,Scion,xB,2003,2015
scion,Scion,xD,2007,2014
scout,Scout,MOTORS Terra,2024,
scout,Scout,MOTORS Traveler,2024,
seat,SEAT,Alhambra,1996,2020
seat,SEAT,Altea,2004,2015
seat,SEAT,Arona,2017,
seat,SEAT,Arosa,1997,2004
seat,SEAT,Ateca,2016,
seat,SEAT,Cordoba,1996,2009
seat,SEAT,Cordoba Cupra,2000,2003
seat,SEAT,Cordoba SX,1996,2003
seat,SEAT,Cordoba Vario,1996,2003
seat,SEAT,Exeo,2008,2013
seat,SEAT,Exeo ST,2009,2013
seat,SEAT,Ibiza,1993,
seat,SEAT,Ibiza Bocanegra,2009,2017
seat,SEAT,Ibiza Cupra,1996,2017
seat,SEAT,Ibiza FR,2009,2017
seat,SEAT,Ibiza ST,2010,2017
seat,SEAT,Leon,2000,
seat,SEAT,Leon Cupra,2001,2018
seat,SEAT,Leon Cupra R,2002,2018
seat,SEAT,Leon FR / Topsport,2002,2012
seat,SEAT,Leon SC,2013,2020
seat,SEAT,Leon ST,2013,
seat,SEAT,Leon ST Cupra,2015,2020
seat,SEAT,Leon X-Perience,2014,2017
seat,SEAT,Malaga,1985,1992
seat,SEAT,Marbella,1986,1998
seat,SEAT,Mii,2011,2021
seat,SEAT,Tarraco,2018,2024
seat,SEAT,Toledo,1991,2018
skoda,Škoda,SKODA 100 series,1969,1982
skoda,Škoda,SKODA Citigo,2011,2020
skoda,Škoda,SKODA Elroq,2024,
skoda,Škoda,SKODA Elroq RS,2025,
skoda,Škoda,SKODA Enyaq,2020,
skoda,Škoda,SKODA Enyaq Coupe RS,2025,
skoda,Škoda,SKODA Enyaq RS,2025,
skoda,Škoda,SKODA Epiq,2026,
skoda,Škoda,SKODA Fabia,2000,
skoda,Škoda,SKODA Fabia Combi,2000,2021
skoda,Škoda,SKODA Fabia Combi RS,2010,2014
skoda,Škoda,SKODA Fabia RS,2003,2014
skoda,Škoda,SKODA Favorit,1989,1995
skoda,Škoda,SKODA Felicia,1995,2001
skoda,Škoda,SKODA Felicia Combi,1995,2001
skoda,Škoda,SKODA Kamiq,2018,
skoda,Škoda,SKODA Karoq,2017,
skoda,Škoda,SKODA Kodiaq,2016,
skoda,Škoda,SKODA Kodiaq RS,2018,
skoda,Škoda,SKODA Kushaq,2021,
skoda,Škoda,SKODA Kylaq,2024,
skoda,Škoda,SKODA Octavia,1997,
skoda,Škoda,SKODA Octavia Combi,1997,
skoda,Škoda,SKODA Octavia Combi 4x4,2009,2020
skoda,Škoda,SKODA Octavia Combi RS,2002,
skoda,Škoda,SKODA Octavia RS,2001,
skoda,Škoda,SKODA Octavia Scout,2006,
skoda,Škoda,SKODA Peaq,2026,
skoda,Škoda,SKODA Rapid,2011,2021
skoda,Škoda,SKODA Rapid Spaceback,2013,2019
skoda,Škoda,SKODA Roomster,2006,2015
skoda,Škoda,SKODA Scala,2018,
skoda,Škoda,SKODA Slavia,2021,
skoda,Škoda,SKODA Superb,2002,
skoda,Škoda,SKODA Superb Combi / Scout,2009,
skoda,Škoda,SKODA Yeti,2009,2017
smart,Smart,1,2022,
smart,Smart,3,2023,
smart,Smart,5,2024,
smart,Smart,crossblade,2002,2003
smart,Smart,Electric Drive,2012,2021
smart,Smart,forfour,2003,2021
smart,Smart,forfour Brabus,2005,2006
smart,Smart,fortwo,1998,2024
smart,Smart,fortwo Brabus,2003,2019
smart,Smart,fortwo Cabrio,2000,2024
smart,Smart,fortwo Cabrio Brabus,2003,2014
smart,Smart,Roadster,2002,2006
smart,Smart,Roadster Brabus,,
smart,Smart,Roadster Coupe Brabus,,
speranza,Speranza,A113,2007,2015
speranza,Speranza,A213,2009,2017
speranza,Speranza,A516,2008,2017
speranza,Speranza,A620,2009,2016
speranza,Speranza,Envy,2014,2018
speranza,Speranza,M11,2010,2017
speranza,Speranza,M12,2010,2016
speranza,Speranza,Tiggo,2008,2017
spyker,Spyker,C12 LaTurbie,2006,2006
spyker,Spyker,C8,2000,2009
spyker,Spyker,C8 Double 12 S,2002,2007
spyker,Spyker,C8 Laviolette,2001,2009
spyker,Spyker,C8 Preliator,2016,2016
ssangyong,SsangYong,Actyon,2006,2011
ssangyong,SsangYong,Chairman,2004,2017
ssangyong,SsangYong,Korando,1997,2023
ssangyong,SsangYong,Kyron,2004,2014
ssangyong,SsangYong,Musso,1998,2023
ssangyong,SsangYong,Musso Sports,1998,2005
ssangyong,SsangYong,Rexton,2001,
ssangyong,SsangYong,Rodius,2004,2013
ssangyong,SsangYong,Tivoli,2015,2023
ssangyong,SsangYong,Tivoli XLV,2016,2023
subaru,Subaru,360,1958,1971
subaru,Subaru,Ascent,2019,
subaru,Subaru,Baja,2003,2006
subaru,Subaru,BRZ,2012,
subaru,Subaru,Crosstrek,2015,
subaru,Subaru,Exiga Liberty,2008,2018
subaru,Subaru,Forester,1997,
subaru,Subaru,Getaway,2026,
subaru,Subaru,Impreza,1993,
subaru,Subaru,Impreza WRX STi,1998,2014
subaru,Subaru,Justy,1989,2016
subaru,Subaru,Legacy,1998,
subaru,Subaru,Levorg,2014,2019
subaru,Subaru,Liberty,2008,2015
subaru,Subaru,Mini Jumbo,1988,1992
subaru,Subaru,Outback,1998,
subaru,Subaru,Outback Wilderness,2023,
subaru,Subaru,R1,2005,2010
subaru,Subaru,R2,1969,2010
subaru,Subaru,Solterra,2021,
subaru,Subaru,Stella,2006,2011
subaru,Subaru,SVX,1992,1997
subaru,Subaru,Trailseeker,2026,
subaru,Subaru,Trezia,2010,2014
subaru,Subaru,Tribeca,2005,2013
subaru,Subaru,Uncharted,2025,
subaru,Subaru,Vivio,1992,2000
subaru,Subaru,WRX,2014,
subaru,Subaru,XV,2012,2015
suzuki,Suzuki,Across,2020,
suzuki,Suzuki,Aerio / Liana,2001,2007
suzuki,Suzuki,Alto,2002,2013
suzuki,Suzuki,APV,2004,2009
suzuki,Suzuki,Baleno,2016,2019
suzuki,Suzuki,Equator,2009,2012
suzuki,Suzuki,Ertiga,2012,2015
suzuki,Suzuki,Escudo / Grand Vitara,1991,2019
suzuki,Suzuki,Escudo / Vitara,1989,2008
suzuki,Suzuki,Forenza,2004,2008
suzuki,Suzuki,Ignis,2000,2024
suzuki,Suzuki,Jimny,2005,
suzuki,Suzuki,Kizashi,2009,2016
suzuki,Suzuki,Reno,2004,2008
suzuki,Suzuki,S-Cross,2021,
suzuki,Suzuki,Splash,2007,2014
suzuki,Suzuki,Swace,2020,
suzuki,Suzuki,Swift,1991,
suzuki,Suzuki,SX4,2006,2014
suzuki,Suzuki,SX4 Crossover,2006,2021
suzuki,Suzuki,Verona,2004,2006
suzuki,Suzuki,Vitara,2014,
suzuki,Suzuki,Wagon R,1997,2007
suzuki,Suzuki,X90,1996,1997
suzuki,Suzuki,XL7,2004,2009
tank,Tank,Tank 300,2020,
tank,Tank,Tank 400,2023,
tank,Tank,Tank 500,2021,
tank,Tank,Tank 700,2023,
tata,Tata,MOTORS Altroz,2019,
tata,Tata,MOTORS Aria,2010,2017
tata,Tata,MOTORS Harrier,2018,2023
tata,Tata,MOTORS Indica,1998,2015
tata,Tata,MOTORS Indigo,2002,2016
tata,Tata,MOTORS Indigo SW,2004,2009
tata,Tata,MOTORS Nano,2008,2018
tata,Tata,MOTORS Nexon,2017,2023
tata,Tata,MOTORS Safari,2005,2020
tata,Tata,MOTORS Sumo,2008,2011
tata,Tata,MOTORS Telcoline,1988,2005
tesla,Tesla,Cybertruck,2021,
tesla,Tesla,Model 3,2017,
tesla,Tesla,Model S,2012,
tesla,Tesla,Model X,2015,
tesla,Tesla,Model Y,2019,
tesla,Tesla,Roadster,2008,
togg,Togg,T10F,2024,
togg,Togg,T10X,2022,
toyota,Toyota,4Runner,1990,
toyota,Toyota,Agya,2012,2017
toyota,Toyota,Alphard,2002,2007
toyota,Toyota,Aqua,2021,
toyota,Toyota,Aurion,2006,2017
toyota,Toyota,Auris,2006,2023
toyota,Toyota,Avalon,2005,2022
toyota,Toyota,Avensis,1997,2018
toyota,Toyota,Avensis Verso,2001,2006
toyota,Toyota,Aygo,2005,2022
toyota,Toyota,Aygo X,2021,
toyota,Toyota,bZ,2026,
toyota,Toyota,bZ4X,2022,
toyota,Toyota,C-HR,2016,
toyota,Toyota,Camry,1983,
toyota,Toyota,Celica,1990,2006
toyota,Toyota,Century,2023,
toyota,Toyota,Century SUV,2023,
toyota,Toyota,Corolla,1987,
toyota,Toyota,Corolla Cross,2020,
toyota,Toyota,Corolla Verso,2002,2009
toyota,Toyota,Crown,1979,
toyota,Toyota,Crown SUV,2022,
toyota,Toyota,Etios,2010,2022
toyota,Toyota,Etios Liva,2011,2020
toyota,Toyota,FJ Cruiser,2006,2016
toyota,Toyota,Fortuner,2011,
toyota,Toyota,GR 86,2021,
toyota,Toyota,GR Corolla,2022,
toyota,Toyota,GR Supra,2022,
toyota,Toyota,GR Yaris,2020,
toyota,Toyota,Grand Highlander,2023,
toyota,Toyota,GT 86,2012,2021
toyota,Toyota,Harrier,2014,2020
toyota,Toyota,Highlander / Kluger,2001,
toyota,Toyota,Hilux,2005,
toyota,Toyota,Hilux Extra Cab,2011,2017
toyota,Toyota,Innova,2011,2013
toyota,Toyota,iQ,2008,2015
toyota,Toyota,Land Cruiser / Prado,1996,
toyota,Toyota,Land Cruiser V8 and predecessors,1984,2021
toyota,Toyota,Matrix,2003,2014
toyota,Toyota,Mirai,2015,
toyota,Toyota,MR2,1985,2005
toyota,Toyota,Paseo,1996,2000
toyota,Toyota,Picnic,1996,2001
toyota,Toyota,Previa / Estima,1992,2016
toyota,Toyota,Prius,1997,
toyota,Toyota,Prius C,2012,2021
toyota,Toyota,Prius Prime,2016,2022
toyota,Toyota,Prius v/Prius+,2011,2021
toyota,Toyota,RAV4,2000,
toyota,Toyota,Rukus,2007,2015
toyota,Toyota,Sequoia,2000,
toyota,Toyota,Sienna,1998,
toyota,Toyota,Solara,2004,2008
toyota,Toyota,Starlet,1984,1999
toyota,Toyota,Supra,1993,2026
toyota,Toyota,Tacoma,2005,
toyota,Toyota,Tundra,1999,
toyota,Toyota,Urban Cruiser,2009,
toyota,Toyota,Venza,2009,
toyota,Toyota,Verso,2009,2018
toyota,Toyota,VERSO-S,2010,2017
toyota,Toyota,Vios,2013,2017
toyota,Toyota,Yaris,1999,
toyota,Toyota,Yaris Cross,2020,
toyota,Toyota,Yaris TS,2007,2010
toyota,Toyota,Yaris Verso,1999,2007
trabant,Trabant,1.1,1990,1991
trabant,Trabant,601,1963,1990
tvr,TVR,"""Wedge Series""",1983,1987
tvr,TVR,Cerbera,1996,2004
tvr,TVR,Chimaera,1992,2001
tvr,TVR,Griffith,1992,2017
tvr,TVR,Sagaris,2004,2006
tvr,TVR,T350,2002,2006
tvr,TVR,Tamora,2002,2006
tvr,TVR,Tuscan,2001,2005
tvr,TVR,Tuscan R/ T 440R/T 400R/ Typhon,2000,2006
tvr,TVR,Tuscan S,2001,2006
uaz,UAZ,452,1965,
uaz,UAZ,469,1972,2011
uaz,UAZ,Hunter,2003,
uaz,UAZ,Patriot,2005,
vauxhall,Vauxhall,Agila,2000,2015
vauxhall,Vauxhall,Antara,2007,2015
vauxhall,Vauxhall,Astra,2004,
vauxhall,Vauxhall,Astra Sport Hatch,2004,2010
vauxhall,Vauxhall,Astra Twin Top,2007,2010
vauxhall,Vauxhall,Astra VXR,2005,2015
vauxhall,Vauxhall,Corsa,2001,2023
vauxhall,Vauxhall,Corsa GSE,2026,
vauxhall,Vauxhall,Corsa VXR,2011,2013
vauxhall,Vauxhall,Crossland X,2017,2018
vauxhall,Vauxhall,Grandland,2021,
vauxhall,Vauxhall,Insignia,2008,2017
vauxhall,Vauxhall,Insignia Country Tourer,2013,2017
vauxhall,Vauxhall,Insignia Sports Tourer,2009,2017
vauxhall,Vauxhall,Insignia VXR,2012,2017
vauxhall,Vauxhall,Insignia VXR Sports Tourer,2010,2019
vauxhall,Vauxhall,Meriva,2003,2017
vauxhall,Vauxhall,Meriva VXR,2003,2009
vauxhall,Vauxhall,Mokka,2012,2016
vauxhall,Vauxhall,Mokka X,2016,2019
vauxhall,Vauxhall,Monaro,2001,2007
vauxhall,Vauxhall,Monaro VXR,2005,2007
vauxhall,Vauxhall,Signum,2005,2008
vauxhall,Vauxhall,Tigra Twin Top,2004,2009
vauxhall,Vauxhall,Vectra,2005,2008
vauxhall,Vauxhall,Vectra Estate VXR,2005,2008
vauxhall,Vauxhall,Vectra Saloon,2005,2008
vauxhall,Vauxhall,Vectra VXR,2005,2008
vauxhall,Vauxhall,Viva,2015,2019
vauxhall,Vauxhall,VX 220,2000,2005
vauxhall,Vauxhall,VXR8,2008,2017
vauxhall,Vauxhall,Zafira,2005,2018
vauxhall,Vauxhall,Zafira VXR,2005,2010
vinfast,VinFast,VF 8,2022,
vinfast,VinFast,VF 9,2022,
volkswagen,Volkswagen,Amarok,2009,
volkswagen,Volkswagen,Ameo,2016,2020
volkswagen,Volkswagen,Arteon,2017,
volkswagen,Volkswagen,Arteon Shooting Brake,2020,
volkswagen,Volkswagen,Atlas,2017,
volkswagen,Volkswagen,Atlas Cross Sport,2019,
volkswagen,Volkswagen,Beetle,1945,2019
volkswagen,Volkswagen,Beetle Cabrio,2003,2019
volkswagen,Volkswagen,Caddy,2005,2025
volkswagen,Volkswagen,CC,2012,2017
volkswagen,Volkswagen,Corrado,1989,1995
volkswagen,Volkswagen,Cross UP!,2013,2019
volkswagen,Volkswagen,Derby,1977,1981
volkswagen,Volkswagen,e-Golf,2014,2021
volkswagen,Volkswagen,e-UP!,2013,2023
volkswagen,Volkswagen,Eos,2006,2016
volkswagen,Volkswagen,Fox,2005,2009
volkswagen,Volkswagen,Gol,2008,2016
volkswagen,Volkswagen,Golf,1974,
volkswagen,Volkswagen,Golf Alltrack,2014,
volkswagen,Volkswagen,Golf Cabrio,1993,2016
volkswagen,Volkswagen,Golf GTD Variant,2015,2021
volkswagen,Volkswagen,Golf GTI / GTD / GTE,1976,
volkswagen,Volkswagen,Golf GTI cabrio,2012,2015
volkswagen,Volkswagen,Golf Plus,2005,2013
volkswagen,Volkswagen,Golf R,2002,
volkswagen,Volkswagen,Golf R Cabrio,2013,2017
volkswagen,Volkswagen,Golf R Variant,2015,
volkswagen,Volkswagen,Golf Sportsvan,2014,2020
volkswagen,Volkswagen,Golf Variant,1993,
volkswagen,Volkswagen,ID. Buzz,2023,
volkswagen,Volkswagen,ID. California Cruise,,
volkswagen,Volkswagen,ID.3,2020,
volkswagen,Volkswagen,ID.3 GTX,2024,
volkswagen,Volkswagen,ID.4,2020,
volkswagen,Volkswagen,ID.5,2021,
volkswagen,Volkswagen,ID.5 GTX,2021,
volkswagen,Volkswagen,ID.7,2023,
volkswagen,Volkswagen,ID.7 GTX,2024,
volkswagen,Volkswagen,ID.7 GTX Tourer,2024,
volkswagen,Volkswagen,ID.7 Tourer,2024,
volkswagen,Volkswagen,ID.Cross,2026,
volkswagen,Volkswagen,ID.Polo GTI,2026,
volkswagen,Volkswagen,Jetta / Vento / Bora,1992,
volkswagen,Volkswagen,Jetta GLI,2021,
volkswagen,Volkswagen,Lavida,2008,2012
volkswagen,Volkswagen,Lupo,1998,2005
volkswagen,Volkswagen,Multivan,2003,
volkswagen,Volkswagen,Nivus,2020,
volkswagen,Volkswagen,Passat,1973,2022
volkswagen,Volkswagen,Passat Alltrack,2012,2023
volkswagen,Volkswagen,Passat GTE,2015,2022
volkswagen,Volkswagen,Passat R,2008,2010
volkswagen,Volkswagen,Passat Variant,1974,
volkswagen,Volkswagen,Passat Variant GTE,2015,2023
volkswagen,Volkswagen,Phaeton,2002,2016
volkswagen,Volkswagen,Pointer,1994,1996
volkswagen,Volkswagen,Polo,1975,
volkswagen,Volkswagen,Polo BlueGT,2013,2019
volkswagen,Volkswagen,Polo GTI,2005,
volkswagen,Volkswagen,Polo Variant,1997,2001
volkswagen,Volkswagen,Routan,2008,2013
volkswagen,Volkswagen,Santana,1982,1985
volkswagen,Volkswagen,Scirocco,1977,2018
volkswagen,Volkswagen,Scirocco R,2009,2018
volkswagen,Volkswagen,Sharan,1996,2022
volkswagen,Volkswagen,T-Cross,2018,
volkswagen,Volkswagen,T-Roc,2017,
volkswagen,Volkswagen,T-Roc R,2019,
volkswagen,Volkswagen,Taigo,2021,
volkswagen,Volkswagen,Taos,2024,
volkswagen,Volkswagen,Tayron,2025,
volkswagen,Volkswagen,Tiguan,2008,
volkswagen,Volkswagen,Tiguan Allspace,2017,
volkswagen,Volkswagen,Touareg,2002,
volkswagen,Volkswagen,Touareg R,2020,
volkswagen,Volkswagen,Touran,2003,
volkswagen,Volkswagen,Transporter Kombi,2015,2024
volkswagen,Volkswagen,up!,2012,2023
volkswagen,Volkswagen,up! GTI,2018,2023
volkswagen,Volkswagen,Vento,2010,2019
volkswagen,Volkswagen,XL1,2013,2016
volvo,Volvo,142,1967,1974
volvo,Volvo,144,1966,1974
volvo,Volvo,145,1967,1974
volvo,Volvo,244,1975,1990
volvo,Volvo,245,1975,1990
volvo,Volvo,262,1977,1981
volvo,Volvo,264,1980,1982
volvo,Volvo,265,1980,1982
volvo,Volvo,343,1976,1982
volvo,Volvo,345,1979,1982
volvo,Volvo,440,1988,1996
volvo,Volvo,460,1990,1996
volvo,Volvo,480,1986,1995
volvo,Volvo,66,1975,1981
volvo,Volvo,760,1982,1990
volvo,Volvo,780,1986,1990
volvo,Volvo,850,1992,1997
volvo,Volvo,940,1990,1998
volvo,Volvo,960,1990,1997
volvo,Volvo,C30,2006,2013
volvo,Volvo,C40,2021,
volvo,Volvo,C70,1996,2013
volvo,Volvo,EC40,2026,
volvo,Volvo,EM90,2023,
volvo,Volvo,ES90,2025,
volvo,Volvo,EX30,2023,
volvo,Volvo,EX30 Cross Country,2025,
volvo,Volvo,EX40,2026,
volvo,Volvo,EX60,2026,
volvo,Volvo,EX60 Cross Country,2026,
volvo,Volvo,EX90,2022,
volvo,Volvo,P1800,1961,1973
volvo,Volvo,S40,1996,2012
volvo,Volvo,S60,2000,2024
volvo,Volvo,S60 Cross Country,2015,2018
volvo,Volvo,S60 Polestar,2014,2018
volvo,Volvo,S70,1997,2000
volvo,Volvo,S80,1998,2016
volvo,Volvo,S90,1997,
volvo,Volvo,V40,1996,2019
volvo,Volvo,V40 Cross Country,2012,2019
volvo,Volvo,V50,2004,2011
volvo,Volvo,V60,2010,
volvo,Volvo,V60 Cross Country,2015,
volvo,Volvo,V60 Polestar,2013,2018
volvo,Volvo,V70,1997,2016
volvo,Volvo,V90,1997,2025
volvo,Volvo,V90 Cross Country,2016,2025
volvo,Volvo,XC40,2017,
volvo,Volvo,XC60,2008,
volvo,Volvo,XC60 Polestar,2018,2021
volvo,Volvo,XC70,2000,
volvo,Volvo,XC90,2002,
wartburg,Wartburg,1.3,1988,1991
wartburg,Wartburg,353,1966,1988
wiesmann,Wiesmann,GT MF4,2003,2013
wiesmann,Wiesmann,GT MF4-CS,,
wiesmann,Wiesmann,GT MF4-S,2010,2014
wiesmann,Wiesmann,GT MF5,2008,
wiesmann,Wiesmann,MF4,2009,2013
wiesmann,Wiesmann,MF4-S,2010,2013
wiesmann,Wiesmann,MF5,2009,
wuling,Wuling,Air EV,2022,
wuling,Wuling,Bingo,2023,
wuling,Wuling,Hongguang,2010,
wuling,Wuling,Hongguang Mini EV,2020,
xiaomi,Xiaomi,SU7,2024,
xpeng,XPeng,G3,2018,
xpeng,XPeng,G6,2023,
xpeng,XPeng,G9,2021,
xpeng,XPeng,P5,2021,
xpeng,XPeng,P7,2020,
yugo,Yugo,45,1980,1992
yugo,Yugo,55,1981,1992
yugo,Yugo,GV,1985,1992
yugo,Yugo,Tempo,1985,2000
zastava,Zastava,101,1971,2008
zastava,Zastava,128,1980,2003
zastava,Zastava,750,1955,1985
zastava,Zastava,Florida,1988,2008
zastava,Zastava,Koral,1980,2008
zeekr,Zeekr,001,2025,
zeekr,Zeekr,7GT,2026,
zeekr,Zeekr,7X,2024,
zeekr,Zeekr,X,2023,
zender,Zender,Escape 6,,
zender,Zender,Fact 4,,
zender,Zender,Fact 4 BiTurbo,,
zender,Zender,Progetto 5,,
zender,Zender,Straight 8,,
zender,Zender,Thirty 7,,
zenvo,Zenvo,Aurora,2023,
zenvo,Zenvo,ST1,2009,2017
zenvo,Zenvo,TS1,2017,2017
zenvo,Zenvo,TSR-S,2018,
